Paper ID,Sample Sizes,Model Names,Number of Models/Tests,Number of Studies,P Values,Effect Sizes - r,Effect Sizes - R2
"10.1111/j.1467-9280.2008.02094.x","[64, 13, 15, 20, 1750]","['low resolution electromagnetic tomography', 'repeated measures analysis of variance', 'topographic segmentation analysis', 'multilevel sequential checking', 'local auto-regressive average', 'statistical power analysis', 'spatial cluster analysis', 'statistical analyses', 'source analysis', 'behavioral and', '2 2 anovawith', 'anova']","None","None","[0.001, 0.001, 0.001, 0.05, 0.2, 0.007, 0.8, 0.032, 0.007, 0.75, 0.93, 0.12, 0.04]","None","None"
"10.1037/0278-7393.34.2.302","[32, 18, 360, 2000]","['bilingual interactive-activation model', 'error rates analysis', 'working memory model', 'analysis of variance', 'horse-race model', 'diffusion models', 'mediation model', 'bia model', 'anovas', 't test', 'anova']","None","3","[0.15, 0.24, 0.0001, 0.001, 0.011, 0.013, 0.0001, 0.001, 0.002, 0.039]","None","None"
"10.1037/0022-3514.94.5.871","[34, 136, 53, 28, 30]","['paired samples t tests', 'mediational analyses', 'analysis of variance', 'mediational analysis', 'multiple regression', 'chi-square tests', 'one-way anova', 'omnibus test']","None","3","[0.001, 0.001, 0.001, 0.001, 0.001, 0.05, 0.05, 0.001, 0.01, 0.001, 0.005, 0.001, 0.14, 0.001, 0.001, 0.15, 0.02, 0.2, 0.06, 0.11, 0.001, 0.12, 0.01, 0.01, 0.07, 0.04, 0.03, 0.001, 0.01, 0.05, 0.05]","[0.32, 0.75, 0.84, 0.29]","None"
"10.1111/j.1467-9280.2008.02050.x","[1200, 2, 4]","['null-hypothesis significance tests', 'illustration']","None","5","[0.001, 0.001, 0.001, 0.13, 0.04, 0.03, 0.007, 0.001, 0.35, 0.005, 0.03]","None","None"
"10.1111/j.1467-9280.2008.02227.x","[40, 44]","['one-way analyses of variance', 'statistical power analysis', 'scrambled sentence test', 'repeated-measures anova', 'oneway anovawith', 'one-way anova', 'anovas']","None","2","None","None","None"
"10.1037/0022-3514.94.3.460","[5, 141, 23, 28, 30, 419, 303, 184, 63, 196, 79, 82, 92, 228, 104, 107, 114, 5372, 253]","['applied multiple regression/correlation analysis', 'hierarchical linear model ( hlm ) framework', 'hierarchical linear and nonlinear modeling', 'within-couple logistic analysis', 'hierarchical linear models', 'self-determination theory', 'level 1 statistical model', 'interdependence analysis', 'independent correlation', 'attachment theoretical', 'self-regulation model', 'logistic regression', 'multilevel analysis', 'reciprocity theory', 'one sample t test', 'multilevel models', 'multilevel model', 'factor analysis', 'logistic model', 'fixed effects', 'diary methods', 'odds ratio', 'level 2']","None","6","[0.01, 0.01, 0.05, 0.05, 0.01, 0.01, 0.1, 0.05, 0.01, 0.05, 0.01, 0.01, 0.01, 0.01, 0.01, 0.01, 0.01, 0.01, 0.01, 0.01, 0.01, 0.01, 0.01, 0.01, 0.01, 0.05, 0.01, 0.01, 0.01, 0.01, 0.01, 0.01, 0.05, 0.01, 0.01, 0.1, 0.05, 0.01, 0.1, 0.05, 0.01]","[0.35, 0.33, 0.31, 0.27, 0.16, 0.2]","None"
"10.1111/j.1467-9280.2008.02092.x","[70, 1127, 80, 497, 280]","['general linear model ( glm ) approach', 'error management theory', 'signal detection theory', 'sensitivity models', 'confusion matrix']","None","None","[0.01, 0.01, 0.001, 0.01, 0.01, 0.01, 0.001, 0.01, 0.001, 0.01, 0.05]","None","None"
"10.1037/0022-3514.94.3.365","[2, 36, 39, 1000, 21, 22, 56, 27, 28]","['interpretation comparison model', 'planned contrast test', 'analyses of variance', 'anovas', 'anova']","None","2","[0.02, 0.02, 0.001, 0.001, 0.001, 0.001, 0.001, 0.001, 0.1, 0.1, 0.1, 0.01, 0.001, 0.001, 0.001, 0.001, 0.001, 0.06, 0.001, 0.05, 0.001, 0.001, 0.02, 0.05, 0.001, 0.001, 0.001, 0.001, 0.05, 0.05, 0.1, 0.02, 0.001, 0.057, 0.02, 0.002, 0.001, 0.001, 0.005, 0.359, 0.1, 0.005, 0.001, 0.001, 0.05, 0.001, 0.05, 0.02, 0.05, 0.005, 0.001, 0.001, 0.002, 0.005, 0.01, 0.001, 0.001, 0.001, 0.001, 0.01, 0.01, 0.02, 0.005, 0.05, 0.02, 0.005, 0.001, 0.02]","None","None"
"10.1037/0278-7393.34.2.328","[4000, 2, 2500, 200, 41, 5000, 19, 20, 22]","['multidimensional signal detection analysis', 'multidimensional signal detection analyses', 'multidimensional signal detection theory', 'univariate signal detection theory', 'multivariate normal distributions', 'marginal d equivalence tests', 'multidimensional scaling', 'parametric model fitting', 'monte carlo simulations', 'multidimensional models', 'repeated-measures anova', 'paired-samples t test', 'conditional analyses', 'sequential responses', 'response time theory', 'analysis of variance', 'mixed-factors anova', 'quantitative models', 'mixedfactors anova', 'dimensional theory', 'multivariate model', 'confusion matrices', 'marginal analyses', 'statistical tests', 'linear theory', 'grt analyses', 'independence']","None","2","[0.0001, 0.0001, 0.109, 0.0001, 0.01, 0.0001, 0.0001, 0.01, 0.0001, 0.0001, 0.01, 0.0001, 0.0001, 0.0001, 0.0001, 0.046, 0.01, 0.05, 0.0001, 0.0001, 0.05, 0.01, 0.0001, 0.0001]","None","None"
"10.1037/0278-7393.34.1.65","[100000, 44, 143, 17, 532, 149, 22, 30, 20, 25, 1944, 5019, 28, 541, 2526]","['association-based semantic network', 'latent semantic analysis theory', 'post-hoc correlational analyses', 'correlated occurrence analogue', 'neighborhood activation model', 'singular value decomposition', 'spreading-activation theory', 'general attractor dynamics', 'independent correlations', 'semipartial correlation', 'mean cosine ( meancos )', 'cross-entropy measure', 'analysis of variance', 'partial correlations', 'partial correlation', 'association norms', 'attractor model', 'model analyses']","None","2","[0.05, 0.01, 0.76, 0.1, 0.05, 0.01, 0.1, 0.05, 0.01, 0.001, 0.95, 0.001, 0.05, 0.05, 0.05, 0.13, 0.001, 0.17, 0.05, 0.1, 0.05, 0.01]","[0.6, 0.88, 0.003]","None"
"10.1111/j.1467-9280.2008.02040.x","[36]","['ambivalent sexism inventory', 'analysis of variance']","None","None","None","None","None"
"10.1037/0022-3514.94.4.696","[2, 100, 40, 75, 76, 143, 49, 20, 30, 24, 350]","['meta-analysis and dynamic modeling', 'biased hypothesis-testing model', 'terror management analysis', 'implicit association test', 'analyses of covariances', 'simple effects analyses', 'social learning theory', 'between-subjects anova', 'attachment theoretical', 'analysis of variance', 'interpersonal theory', 'multiple regression', 'regression analyses', 'dual-process model', 'simple slope tests', 'mixed-design anova', 'attachment theory', 'anxietybuffering', 'rate analyses', 'one-way anova']","None","6","[0.001, 0.03, 0.04, 0.002, 0.001, 0.01, 0.001, 0.001, 0.05, 0.02, 0.02, 0.01, 0.02, 0.06, 0.03, 0.28, 0.04, 0.02, 0.001, 0.005, 0.02, 0.04, 0.001, 0.001, 0.001, 0.02, 0.04, 0.11, 0.05, 0.02, 0.006, 0.03, 0.03, 0.003, 0.02, 0.001, 0.002, 0.17, 0.03, 0.02, 0.01, 0.001, 0.001, 0.61, 0.03]","[0.91]","[0.18, 0.22, 0.15, 0.32]"
"10.1037/0278-7393.34.3.478","[32, 24, 25]","['connectionist/control architecture', 'latent variable approach', 'latent variable analysis', 'analysis of variance', 'rank correlation', 'capacity theory', 'sharing model', 'pdp model', 'analyses', 'manova']","None","4","[0.05, 0.05, 0.001, 0.31, 0.01, 0.001, 0.001, 0.17, 0.001, 0.05, 0.001, 0.05, 0.05, 0.001, 0.001, 0.001, 0.05, 0.05, 0.001, 0.05, 0.23, 0.001, 0.01, 0.099, 0.001, 0.29, 0.4, 0.056, 0.001, 0.01, 0.31, 0.17, 0.17, 0.01, 0.05, 0.001, 0.28, 0.05, 0.001, 0.001, 0.41, 0.33, 0.001, 0.2, 0.055, 0.001, 0.22, 0.05, 0.001, 0.17, 0.37, 0.001, 0.05, 0.05, 0.01, 0.001, 0.05, 0.24, 0.001, 0.001, 0.19, 0.11, 0.05, 0.001, 0.37, 0.001, 0.001, 0.14, 0.28, 0.001]","None","None"
"10.1037/0278-7393.34.2.399","[72, 16, 32]","['unsupervised statistical learning']","None","4","[0.001, 0.047, 0.001, 0.178, 0.001, 0.011, 0.006, 0.027, 0.22, 0.109, 0.001, 0.007, 0.262, 0.023, 0.082, 0.023, 0.027]","[0.616]","None"
"10.1037/0278-7393.34.1.80","[192, 96, 160, 17602, 8, 40, 2000, 20, 24]","['probabilistic constraints approach', 'associative learning model', 'finite-state grammars', 'attention-based model', 'connectionist models', 'statistical learning', 'analysis of variance', 'latent inhibition', 'attentional model', 'anova']","None","4","[0.1, 0.01, 0.01, 0.01, 0.72, 0.01, 0.01, 0.012, 0.75, 0.01, 0.062, 0.01, 0.29, 0.01, 0.01, 0.6, 0.01, 0.01, 0.01, 0.01, 0.01, 0.4, 0.07, 0.01, 0.02, 0.01, 0.01, 0.9, 0.07, 0.01]","None","None"
"10.1111/j.1467-9280.2008.02068.x","[50000, 973, 543]","['structural equation modeling', 'likelihood-ratio chi-square', 'full five-factor model', 'cholesky decomposition', 'statistical modeling', 'theoretical models', 'saturated model', 'cholesky form', 'point model']","None","None","[0.05, 0.05, 0.05, 0.05, 0.05, 0.05, 0.05, 0.05, 0.05, 0.05]","None","None"
"10.1037/0278-7393.34.1.1","[32, 64, 40, 15, 23, 120, 58]","['latent semantic analysis', 'probabilistic account', 'analyses of variance', 'pearson correlations', 'regression analyses', 'frequency analysis', 'dynamical models']","None","1","[0.001, 0.03, 0.02, 0.005, 0.24, 0.06, 0.03, 0.001, 0.001, 0.005, 0.04, 0.001, 0.001, 0.001, 0.09, 0.001, 0.001, 0.03, 0.13]","None","None"
"10.1111/j.1467-9280.2008.02053.x","[64, 36, 31]","['reinforcementlearning theory', 'multi-process account', 'general linear model', 'one-tailed t tests', 'one-sample t test']","None","None","[0.05, 0.01, 0.01, 0.3, 0.75, 0.2, 0.001, 0.05, 0.01, 0.8, 0.3, 0.05, 0.6]","[0.04, 0.21, 0.33]","None"
"10.1111/j.1467-9280.2008.02136.x","[428]","['central limit theorem', 'probabilistic infer-', 'multiple explanation', 'théorie analytique', 'bayesian inference', 'bayesian models']","None","None","[0.05, 0.01, 0.01, 0.01, 0.01, 0.01, 0.05]","None","None"
"10.1111/j.1467-9280.2008.02090.x","[128, 40, 140, 268, 60]","None","None","None","None","None","None"
"10.1037/0278-7393.34.2.313","[58, 40, 10, 43, 298, 110, 47, 80, 18, 52, 22, 26, 60, 29]","['generalized phrase structure grammar', 'kendall coefficient of concordance', 'participants analysis', 'analyses of variance', 'item analysis', 'binomial test', 'two anovas']","None","3","[0.13, 0.25, 0.17, 0.38, 0.0001, 0.0001, 0.01, 0.25, 0.03, 0.38, 0.001, 0.001, 0.01, 0.01, 0.01, 0.01, 0.1, 0.82, 0.01, 0.02, 0.55, 0.01, 0.03, 0.2, 0.35, 0.0005, 0.0015, 0.012, 0.004, 0.15, 0.37, 0.0001, 0.045, 0.15]","None","None"
"10.1111/j.1467-9280.2008.02084.x","[32, 3, 73, 42, 41, 84, 59, 29, 31]","['repeated measures anova', 'simpleeffects analyses', 'analysis of variance']","None","4","None","None","None"
"10.1037/0278-7393.34.2.343","[33, 2, 40, 108, 80, 48, 20, 55, 119, 24, 153, 154, 60]","['construction integration model', 'symbolic-connectionist theory', 'repeated measures anovas', 'analyses of variance', 'integrative model', 'geometric means']","None","2","[0.001, 0.001, 0.001, 0.001, 0.575, 0.007, 0.001, 0.07, 0.011, 0.063, 0.507, 0.013, 0.001, 0.001, 0.001, 0.014, 0.001, 0.164, 0.036, 0.23, 0.02, 0.159]","None","None"
"10.1111/j.1467-9280.2008.02045.x","[122, 3, 30]","['analysis of covariance', 'analysis of variance', 'mediation analysis']","None","2","[0.01, 0.01, 0.01, 0.01, 0.01, 0.01, 0.01, 0.01, 0.01, 0.01, 0.01]","[0.47]","None"
"10.1037/0022-3514.94.1.1","[33, 41, 57]","['correlational analyses correlations', 'one-way analysis of variance', 'radical dissonance theory', 'fast fourier transform', 'analysis of covariance', 'self-consistency model', 'mediational analyses', 'simple-effects tests', 'regression analysis', 'regression analyses', 'sourcelocalization', 'action-based model', 'actionbased model', 'one-way anovas', 'one-way anova', 'ancova']","None","2","[0.04, 0.03, 0.05, 0.62, 0.004, 0.03, 0.01, 0.4, 0.3, 0.04, 0.7, 0.01, 0.06, 0.13, 0.05, 0.18, 0.03, 0.05, 0.02, 0.001, 0.003, 0.01, 0.01, 0.005, 0.01, 0.05, 0.18, 0.02, 0.9, 0.001, 0.75, 0.02, 0.01, 0.05, 0.02, 0.01, 0.04, 0.05, 0.08, 0.21, 0.05, 0.08]","[0.4, 0.4, 0.3, 0.34, 0.24, 0.72, 0.28, 0.29]","None"
"10.1111/j.1467-9280.2008.02065.x","[775, 776, 3692, 26867, 25849, 1018, 410527]","['principal-components analysis', 'cross-temporal metaanalysis', 'statistical power analysis', 'ecological correlations', 'five-factor model', 'correlational']","None","1","None","[0.9, 0.1, 0.01, 0.01, 0.01]","None"
"10.1037/0278-7393.34.1.243","[48, 30000, 30]","['working memory model', 'analysis of variance', 'simple effect tests', 'repeated measures', 'mixed anova']","None","None","[0.001, 0.66, 0.05, 0.001, 0.53, 0.05, 0.001, 0.17, 0.03, 0.01, 0.01, 0.06, 0.001, 0.001, 0.001, 0.001, 0.03, 0.313, 0.001, 0.001]","None","None"
"10.1037/0278-7393.34.1.204","[4, 37, 38, 39, 40, 41]","['conditional contingency hypothesis', 'conditionalizing causality', 'associative learning model', 'weighted averaging model', 'cause prevalence effect', 'simple effects analysis', 'analysis of variance', 'causal power theory', 'newman– keuls test', 'bayesian inference', 'bayesian approach', 'causal induction', 'causal learning', 'power pc theory', 'causal models', 'one-way anova', 'bayesian view', 'accounting', 'one-cause', 'analyses', 'pca']","None","5","[0.05, 0.001, 0.001, 0.001, 0.01, 0.001, 0.001, 0.07, 0.001, 0.01, 0.001, 0.09, 0.001, 0.001, 0.001, 0.001, 0.001, 0.001, 0.05, 0.05, 0.001, 0.001, 0.05, 0.001, 0.01, 0.001, 0.01, 0.001, 0.05, 0.01, 0.01, 0.01, 0.07]","None","None"
"10.1111/j.1467-9280.2008.02064.x","[24, 50, 3, 38]","['dual coding theoretical', 'analysis of variance', 'functional analysis', 'anova']","None","2","None","None","None"
"10.1037/0022-3514.94.2.245","[163, 37, 42, 206, 82, 10047]","['applied multiple regression/correlation analysis', 'supplementary regression analysis', 'moderator construct analyses', 'exploratory factor analysis', 'hierarchical linear models', 'exploratory data analysis', 'multilevel data-analytic', 'principal axis factoring', 'moderational analyses', 'meta-analytic model', 'metaanalytic models', 'logistic regression', 'parallel analyses', 'parallel analysis', 'a priori theories', 'meta-analytic and', 'factor analyses', 'regression bs', 'meta-analysis', 'odds ratios', 'regressions']","None","None","[0.673, 0.499, 0.1, 0.05, 0.01, 0.001, 0.48, 0.825, 0.1, 0.05, 0.01, 0.001, 0.714, 0.812, 0.134, 0.714, 0.817, 0.817, 0.612, 0.134, 0.01, 0.001, 0.001, 0.001, 0.001, 0.001, 0.578, 0.05, 0.01, 0.001, 0.05, 0.05, 0.001, 0.05, 0.01, 0.05, 0.1, 0.1, 0.001, 0.03]","[0.03, 0.05, 0.04, 0.02, 0.03, 0.02, 0.08, 0.06, 0.62, 0.52, 0.53, 0.39, 0.05, 0.01, 0.09, 0.02]","None"
"10.1111/j.1467-9280.2008.02082.x","[19, 100, 4, 95]","['attentional filtering theories', 'analysis of variance', 'means-ends analysis', 'mixed-design anova', 'circumplex model', 'two-stage model', 'regression and', 'anova )', 'anovas']","None","None","[0.01, 0.01, 0.01, 0.001, 0.001, 0.001, 0.05, 0.01, 0.02, 0.05, 0.01]","None","None"
"10.1037/0278-7393.34.2.422","[48]","['nested incremental modeling', 'linear mixed-effects models', 'dual route cascaded model', 'markov chain monte carlo', 'mixed-effects modeling', 'analyses of variance', 'computational models', 'multilevel models', 'rt analysis', 'anovas', 'r']","None","None","[0.05, 0.05, 0.0001, 0.05, 0.05, 0.05, 0.001, 0.001, 0.0001, 0.05, 0.05, 0.001, 0.01, 0.05, 0.05, 0.43, 0.001, 0.001, 0.05, 0.01, 0.05, 0.05, 0.046, 0.01, 0.001, 0.05, 0.05, 0.001, 0.001, 0.001, 0.001, 0.01, 0.001, 0.01, 0.05, 0.05, 0.05]","None","None"
"10.1111/j.1467-9280.2008.02046.x","[12]","['simultaneous type , serial token model', 'three-way linear interaction', 'analysis of variance', 'two-stage model', 'linear model', 't test']","None","None","[1e-05, 0.0001, 0.05]","None","None"
"10.1111/j.1467-9280.2008.02061.x","[16, 2, 32, 12]","['simultaneous regression analysis', 'independent components analysis', 'independent component analysis', 'social cognitive neuroscience', 'main-effects analysis', 'whole-brain analyses', 'general linear model', 'regression analyses', 'level analysis']","None","None","[0.05, 0.001, 0.05, 0.0001, 0.0001, 0.51, 0.91, 0.001, 0.001, 0.05, 0.05, 0.46, 0.05, 0.45, 0.01, 0.001, 0.001, 0.001, 0.01, 0.001, 0.001, 0.001, 0.001, 0.001, 0.001, 0.05, 0.001, 0.001, 0.001, 0.001, 0.05, 0.001]","[0.18]","None"
"10.1037/0278-7393.34.3.460","[64, 32, 96, 10, 11, 16, 48, 18, 144]","['two-dimensional signaldetection model', 'multinomial process tree modeling', 'process dissociation framework', 'constraint satisfaction theory', 'process dissociation approach', 'multinomial processing models', 'reconstructive analysis', 'sum-difference theory', 'conjoint recognition', 'multinomial modelers', 'multinomial analysis', 'analysis of variance', 'fuzzy trace theory', 'dualprocess models', 'multinomial model', 'account', 'anova']","None","3","[0.001, 0.001, 0.0001, 0.01, 0.01, 0.001, 0.001, 0.05, 0.01, 0.01, 0.01, 0.01, 0.001, 0.01, 0.001, 0.001, 0.01, 0.01, 0.01, 0.01, 0.01, 0.001, 0.001, 0.01, 0.001, 0.05, 0.01, 0.01, 0.001, 0.05, 0.05, 0.001, 0.001, 1e-05, 1e-05, 1e-05, 1e-05, 0.001, 0.001, 0.01, 0.05]","None","None"
"10.1111/j.1467-9280.2008.02072.x","[25, 4]","['information search model', 'analysis of variance', 'lcd display']","None","None","[0.01, 0.005, 0.01]","None","None"
"10.1111/j.1467-9280.2008.02075.x","[2, 44100, 5, 38, 21]","['simultaneous multiple regression model', 'simultaneous regression analysis', 'dynamic usage-based model', 'variable length coding', 'paired-samples t tests', 'mathematical theory of', 'unsupervised learning', 'analyses of variance', 'regression analyses', 'information theory', 'usage based models', 'mann-whitney tests', 'compression', 'parser']","None","None","[0.397, 0.412, 0.53, 0.731, 0.001, 0.001, 0.016, 0.071, 0.035, 0.034, 0.021, 0.05]","[0.99]","None"
"10.1111/j.1467-9280.2008.02038.x","[20]","['three-way analysis of variance', 'whole-brain analysis', 'roi ) analyses', 'two-way anova', 'scatter plots', 'variance maps', 't test', 'spm2']","None","None","[0.15, 0.66, 0.005, 0.05, 0.05, 0.005, 0.001, 0.001, 0.001, 0.006, 0.005, 0.04, 0.21, 0.03, 0.34, 0.05, 0.05]","[0.43, 0.7, 0.34]","None"
"10.1037/0022-3514.94.3.412","[8000, 135, 1000, 200, 22218, 14581709, 180, 27]","['full information maximum likelihood', 'structural equation models', 'multiple mediator models', 'mediation model—wherein', 'simple mediation models', 'bootstrapping analysis', 'logistic regressions', 'regression analyses', 'logistic regression', 'regression analysis', 'spss and sas macros', 'mediation analyses', 'mediation analysis', 'sociometer theory', 'linear regression', 'alternative model', 'mediation tests', 'fiml method', 'path model']","None","2","[0.05, 0.1, 0.001, 0.001, 0.147, 0.001, 0.05, 0.001, 0.001, 0.001, 0.003, 0.003, 0.145, 0.05, 0.001, 0.05, 0.001, 0.097, 0.008, 0.002, 0.082, 0.139, 0.03, 0.001, 0.004, 0.001, 0.102, 0.01, 0.05, 0.001, 0.008, 0.001, 0.11, 0.001, 0.001, 0.012, 0.05, 0.01, 0.018, 0.05, 0.139, 0.119, 0.05, 0.05, 0.05, 0.05, 0.293, 0.613, 0.021, 0.015, 0.036, 0.05, 0.004, 0.05, 0.001, 0.048, 0.073, 0.05, 0.001, 0.001, 0.021, 0.003, 0.004, 0.001]","[0.57, 0.36, 0.19, 0.21, 0.12, 0.04, 0.75, 0.24, 0.44, 0.58, 0.03, 0.38]","None"
"10.1037/0278-7393.34.1.128","[100000, 40, 1000, 2700, 17, 57]","['mixed-effects logistic regression model', 'mixed-effects linear regression model', 'order-based perturbation model', 'endogenous distributed model', 'irregular list technique', 'production system theory', 'null hypothesis testing', 'input–output regression', 'paired samples t tests', 'reintegration account', 'temporal ratio model', 'analysis of variance', 'mixed-effects models', 'maximum likelihood', 'repeated measures', 'short-term memory', 'resonance imaging', 'chi-square test', 'chaining models', 'primacy model', 'feature model', 'revised model', 'network model', 'random model', 'simple model', 'analyses', 'anova']","None","3","[0.001, 0.001, 0.001, 0.004, 0.001, 0.001, 0.001, 0.001, 0.001, 0.001, 0.001, 0.59, 0.02, 0.004, 0.001, 0.124, 0.001, 0.001, 0.68, 0.001, 0.004, 0.001, 0.008, 0.44, 0.72, 0.001, 0.051, 0.001, 0.022, 0.001, 0.001, 0.15, 0.004, 0.339, 0.066, 0.018]","None","None"
"10.1037/a0018270","None","['intraclass correlations']","None","3","[0.05, 0.05, 0.05]","[0.27, 0.29, 0.27, 0.09, 0.05, 0.15, 0.01]","None"
"10.1111/j.1467-9280.2008.02100.x","[240]","['theoretical biology', 'game theory']","None","None","[0.05, 0.239, 0.01]","None","None"
"10.1037/0022-3514.94.1.116","[103, 107, 140, 44, 43, 75, 112, 81, 22, 184, 155, 94]","['confirmatory factor analysis', 'split plot factorial design', 'structural equation models', 'repeated measures analyses', 'analyses of variance', 'three-process theory', '123needs-based model', '119needs-based model', 'mediation analyses', 'message role anova', 'needs-based model', 'investment model', 'three-way anova', 'two-way anova', 'mixed anovas', 'correlations', 'sobel test', 't tests']","None","4","[0.001, 0.005, 0.01, 0.001, 0.001, 0.005, 0.05, 0.001, 0.001, 0.001, 0.005, 0.001, 0.001, 0.05, 0.05, 0.001, 0.005, 0.001, 0.001, 0.001, 0.001, 0.2, 0.06, 0.001, 0.001, 0.01, 0.05, 0.01, 0.001, 0.001, 0.001, 0.001, 0.001, 0.001, 0.05, 0.001, 0.001, 0.001, 0.001, 0.001, 0.001, 0.05, 0.05, 0.001, 0.001, 0.005, 0.05, 0.001, 0.001, 0.01, 0.05, 0.001, 0.05, 0.001, 0.01, 0.05, 0.001, 0.05, 0.05, 0.001, 0.001, 0.001, 0.005, 0.01, 0.001, 0.005, 0.001, 0.05, 0.05, 0.001, 0.001, 0.08, 0.001, 0.001, 0.005, 0.001, 0.005, 0.001, 0.001, 0.001, 0.001, 0.05, 0.001, 0.1, 0.001, 0.001, 0.001, 0.001, 0.05, 0.001, 0.07, 0.001, 0.001, 0.001, 0.001, 0.05, 0.05, 0.001, 0.001, 0.001, 0.05, 0.001, 0.06, 0.07, 0.001, 0.08, 0.001, 0.001, 0.001, 0.001, 0.001, 0.001, 0.001, 0.001, 0.001, 0.001, 0.001, 0.05, 0.001, 0.001, 0.001, 0.001, 0.05, 0.05, 0.001, 0.001, 0.005, 0.001, 0.001, 0.001, 0.001, 0.005, 0.001, 0.001, 0.001, 0.05, 0.01, 0.09, 0.05]","[0.85, 0.86, 0.37, 0.8]","None"
"10.1111/j.1467-9280.2008.02067.x","[50, 2, 12]","['additive conjoint-measurement model', 'multidimensional scaling analysis', 'ordinary additive conjoint model', 'simultaneous conjoint measure-', 'radiance lighting simulation', 'psychophysically-based model', 'independent-property models', 'independent-property model', 'nested hypothesis tests', 'nested hypothesis test', 'simple additive model', 'likelihood-ratio test', 'analysis of variance', 'conjointmeasurement', 'shape-fromshading', 'additive models', 'additive model2', 'conjoint mea-', 'additive and', 'mesoscale']","None","2","[0.008, 0.008]","None","None"
"10.1037/0022-3514.94.2.94.2.214","[76, 210, 83, 92, 157]","['elaboration likelihood and flexible correction models', 'hedonic contingency account', 'cognitive response analysis', 'hedonic contingency theory', 'simple effects analyses', 'repeated measures anova', 'cognitive tuning model', 'analysis of covariance', 'mediational analyses', 'mediational analysis', 'simple effects tests', 'analysis of variance', 'regression analyses', 'regression equation', 'univariate anovas', 'factor analysis', 'regressions']","None","3","[0.01, 0.001, 0.01, 0.02, 0.001, 0.001, 0.001, 0.001, 0.029, 0.001, 0.001, 0.001, 0.001, 0.05, 0.001, 0.01, 0.01, 0.001, 0.001, 0.001, 0.01, 0.001, 0.001, 0.001, 0.001, 0.01, 0.01, 0.001, 0.09, 0.05, 0.001, 0.01, 0.001, 0.001, 0.001, 0.057, 0.001, 0.017, 0.001, 0.001, 0.05, 0.05, 0.001, 0.05, 0.02, 0.001, 0.05, 0.01, 0.001, 0.004, 0.001, 0.001, 0.001, 0.001, 0.01, 0.001, 0.002, 0.023, 0.05, 0.001, 0.001, 0.001, 0.01, 0.001, 0.027, 0.03, 0.05, 0.045, 0.001, 0.001, 0.01, 0.05, 0.001, 0.001, 0.032, 0.013, 0.001, 0.001, 0.001, 0.05, 0.01]","[0.09, 0.63, 0.08, 0.0, 0.94, 0.67, 0.39, 0.38, 0.7, 0.36, 0.48]","[0.87, 0.74, 0.77]"
"10.1037/a0012518","[40, 72, 44, 14, 16, 51, 20, 83, 22, 29]","['independent samples t test', 'interrater reliability', 'ecological psychology', 'analysis of variance', 'field theoretical', 'regression', 'analyses', 'anova']","None","6","[0.001, 0.001, 0.001, 0.01, 0.005, 0.001, 0.06, 0.14, 0.01, 0.06, 0.001, 0.001, 0.001, 0.001, 0.05, 0.001, 0.01, 0.05, 0.001, 0.001, 0.001, 0.001, 0.001, 0.01, 0.05, 0.001, 0.05, 0.05, 0.001, 0.005, 0.001, 0.05, 0.05, 0.05, 0.05, 0.05, 0.01, 0.001, 0.001, 0.001, 0.02, 0.001, 0.001, 0.001, 0.01, 0.05, 0.001, 0.07, 0.05, 0.001, 0.05, 0.05]","[0.87, 0.85]","None"
"10.1111/j.1467-9280.2008.02059.x","[3150075, 12, 15]","['unsupervised statistical learning', 'information-theoretic mea-', 'statistical clustering', 'linguistic analysis']","None","4","None","None","None"
"10.1111/j.1467-9280.2008.02098.x","[80, 351]","['statistical processing']","None","3","[0.194, 0.008, 0.005, 0.015, 0.321, 0.005, 0.001, 0.003, 0.001, 0.35, 0.012, 0.001, 0.001, 0.156, 0.013, 0.004, 0.016, 0.001, 0.028]","None","None"
"10.1111/j.1467-9280.2008.02069.x","[32, 8, 18, 2]","None","None","2","[0.05, 0.53, 0.4]","None","None"
"10.1037/0278-7393.34.3.439","[32, 20, 30]","['modified single-process model', 'endogenous distributed model', 'variance reaction time model', 'subjective-likelihood model', 'feature-sampling account', 'production system theory', 'single-process theory', 'analyses of variance', 'dual-process theory', 'dual-process model', 'ez-diffusion model', 'repeated measures', 'short-term memory', 'course analysis', 'network model', 'similarity', 'sp models', 'sp theory', 'sp model', 'dp model', 'anovas', 'anova']","None","3","[0.005, 0.005, 0.023, 0.041, 0.047, 0.001, 0.001, 0.001, 0.006, 0.006, 0.02, 0.006, 0.013, 0.004, 0.001, 0.001, 0.001, 0.001, 0.009, 0.001, 0.001]","None","None"
"10.1111/j.1467-9280.2008.02058.x","[58, 4]","['asynchronous discrete-coding model', 'within-condition analyses', 'continuous-flow models', 'continuousflow models', 'spearman correlation', 'discrete-flow models', 'linear regression', 'stage models']","None","None","[0.0001, 0.0001, 0.3, 0.0001, 0.001, 0.05, 0.0001, 0.001, 0.05, 0.0001]","None","[0.846]"
"10.1037/0022-3514.94.1.75","[192, 193, 376, 359, 137, 247, 120, 124]","['one-way analyses of variance', 'multiple regression analyses', 'longitudinal data analysis', 'principal axis extraction', 'cross-sectional analyses', 'longitudinal analyses', 'partial correlations', 'regression analysis', 'oblimin rotation', 'regression model', 'factor analyses', 'causal analysis', 'factor analysis']","None","3","[0.001, 0.001, 0.001, 0.5, 0.001, 0.01, 0.7, 0.001, 0.001, 0.05, 0.8, 0.2, 0.001, 0.001, 0.001, 0.02, 0.001, 0.001, 0.02, 0.01, 0.05, 0.01, 0.05, 0.001, 0.001, 0.001, 0.001, 0.7, 0.001, 0.001, 0.001, 0.4, 0.05, 0.001, 0.001, 0.04, 0.05, 0.01, 0.001, 0.001, 0.02, 0.5, 0.001, 0.001, 0.001, 0.001, 0.001, 0.001, 0.001, 0.001, 0.001, 0.07, 0.001, 0.001, 0.14, 0.001, 0.12, 0.001, 0.001, 0.005, 0.11, 0.005, 0.001, 0.001, 0.16, 0.001, 0.001, 0.001, 0.03, 0.001, 0.2, 0.01, 0.001, 0.01, 0.02]","[0.2, 0.25, 0.32, 0.19, 0.24, 0.3, 0.68]","[0.48, 0.55, 0.37, 0.42, 0.33, 0.43, 0.4, 0.24, 0.23, 0.27, 0.37, 0.065]"
"10.1037/0278-7393.34.2.408","[64, 96, 6]","['one-shot ” hypothesis', 'analysis of variance', 'retrieval model', 'mixed anova']","None","3","[0.01, 0.001, 0.01, 0.05, 0.001, 0.01, 0.05, 0.001, 0.01, 0.06]","None","None"
"10.1111/j.1467-9280.2008.02086.x","[65, 60, 102, 95]","['ethnobiological classification']","None","None","[0.001, 0.01, 0.001, 0.01, 0.001]","None","None"
"10.1111/j.1467-9280.2008.02079.x","[19, 30, 39]","['mediational analyses', 'analysis of variance', 'regression analyses', 'three-way anova', 'threeway anova']","None","3","[0.05, 0.01, 0.05, 0.001, 0.001, 0.01]","[0.39, 0.23, 0.46]","None"
"10.1037/0278-7393.34.2.381","[65, 40481, 58, 72, 12, 14, 89, 26, 29, 30]","['linear mixedeffect ( multilevel ) analysis of covariance', 'generalized linear mixed-effects model', 'repeated-measures regression analysis', 'regressor intercorrelations', 'multivariate statistics', 'mixed-effects models', 'statistical analysis', 'regression analyses', 'regression equation', 'statistical models', 'post hoc analysis', 'regression model', 'hoc analyses', 'rt analyses', 'trace model']","None","4","[0.05, 0.01, 0.001, 0.001, 0.06, 0.05, 0.01, 0.001, 0.001, 0.001, 0.05, 0.01, 0.001, 0.1, 0.05, 0.01, 0.001, 0.001, 0.1, 0.1, 0.1, 0.05, 0.01, 0.001, 0.05, 0.05, 0.01, 0.001, 0.06, 0.05, 0.01, 0.001, 0.06, 0.05, 0.01, 0.001]","[0.204]","None"
"10.1037/0022-3514.94.1.146","[64, 32, 27, 40, 59, 41, 45, 398, 47, 48, 20, 53, 22, 26, 187]","['information integration approach', 'diagnostic and statistical man-', 'motivational intensity theory', 'structural equation models', 'repeated measures anovas', 'analysis of covariance', 'analyses of variance', 'mediation analyses', 'dual task analysis', 'mediation analysis', 'indirect effects', 'ces-d scale', 'anovas,3', 'ancovas', 'ancova', 'anova']","None","2","[0.001, 0.001, 0.001, 0.001, 0.001, 0.07, 0.03, 0.12, 0.32, 0.02, 0.17, 0.001, 0.01, 0.1, 0.001, 0.001, 0.02, 0.001, 0.03, 0.001, 0.001, 0.001, 0.04, 0.05, 0.03, 0.15, 0.5, 0.05, 0.08, 0.03, 0.5, 0.11, 0.001, 0.001, 0.05, 0.06, 0.01, 0.04]","[0.9, 0.57, 0.24, 0.22, 0.07, 0.38, 0.89, 0.9, 0.6, 0.06, 0.33, 0.25, 0.24]","None"
"10.1111/j.1467-9280.2008.02037.x","[10000, 44]","['regression-based causal model', 'implicit association test', 'bivariate correlations', 'partial correlations', 'partial correlation', 'mediational models', 'mediator models', 'asymptotic and', 'meta-analysis']","None","None","[0.001, 0.001, 0.1, 0.05, 0.01, 0.05]","[0.96]","None"
"10.1037/0278-7393.34.3.495","[144]","['quantile maximum likelihood estimation of', 'activation-verification model', 'interactive activation model', 'nested incremental modeling', 'multistage activation model', 'general gamma distribution', 'rt distributional analytic', 'dual route cascaded model', 'two-process cascade model', 'diffusion model account', 'multiple read-out model', 'distributional analyses', 'random-walk framework', 'ex-gaussian analyses', 'ex-gaussian analysis', 'analyses of variance', 'ex-wald distribution', 'exgaussian analyses', 'composite analyses', 'random-walk model', 'factorial design', 'cascaded account', 'additive effects', 'additivefactors', 'cascade models', 'logogen model', 'stage model', 'anovas', 'anova']","None","4","[0.002, 0.001, 0.001, 0.001, 0.001, 0.24, 0.001, 0.001, 0.001, 0.001, 0.003, 0.031, 0.001, 0.001, 0.073, 0.001, 0.002, 0.001, 0.001, 0.001, 0.001, 0.001, 0.001, 0.001, 0.001, 0.3, 0.23, 0.001, 0.002, 0.001, 0.001, 0.001, 0.017, 0.001, 0.054, 0.001, 0.001, 0.22, 0.001, 0.001, 0.001, 0.001, 0.06, 0.002, 0.001, 0.001, 0.001, 0.031, 0.094, 0.326, 0.132, 0.001, 0.001, 0.016, 0.011, 0.003, 0.05, 0.001, 0.065, 0.058, 0.001, 0.001, 0.001, 0.001, 0.001, 0.001, 0.001, 0.001, 0.001, 0.053, 0.124, 0.001, 0.004, 0.002, 0.307, 0.001, 0.001, 0.03, 0.002, 0.005, 0.096, 0.001, 0.001, 0.123, 0.001, 0.098, 0.001, 0.001, 0.002, 0.012, 0.001, 0.001, 0.053, 0.001, 0.019, 0.001, 0.001, 0.106, 0.001, 0.163, 0.001, 0.001, 0.001, 0.001, 0.024, 0.26, 0.001, 0.001, 0.001, 0.006, 0.004, 0.001, 0.001, 0.002, 0.166, 0.82, 0.22, 0.003, 0.009, 0.044]","None","None"
"10.1037/0278-7393.34.1.237","[32, 42, 2000, 4470, 24]","['repeated measures model', 'simple effects analyses', 'component-levels theory', 'intermixed– blocked', 'manova method']","None","4","[0.05]","None","None"
"10.1111/j.1467-9280.2008.02044.x","[2000, 40, 60, 14]","['three-way repeated measures analyses of variance']","None","None","None","None","None"
"10.1037/0022-3514.94.3.516","[36, 39, 75, 83, 211, 28]","['repeated-measures analyses of variance', 'structural and meanlevel analyses', 'attributional theory', 'five-factor model', 'binomial tests', 'anovas', 'anova']","None","4","[0.05, 0.05, 0.05, 0.05, 0.05, 0.05, 0.05, 0.05, 0.05, 0.05, 0.05, 0.05, 0.05, 0.05, 0.05, 0.05, 0.05, 0.05]","None","None"
"10.1111/j.1467-9280.2008.02073.x","[90, 6]","['one-way analyses of covariance', 'ancovas', 'ancova']","None","None","[0.001, 0.001, 0.01, 0.71]","[0.76, 0.5]","None"
"10.1111/j.1467-9280.2008.02070.x","[32, 40, 80, 400, 56, 30]","['spreading-activation theory', 'cascade model']","None","2","[0.004, 0.004, 0.31, 0.007, 0.003]","None","None"
"10.1111/j.1467-9280.2008.02051.x","[3, 6, 18, 59, 60, 30]","['analysis of variance', 'mixed anovas', 'anova']","None","3","[0.05]","None","None"
"10.1037/0022-3514.94.1.16","[66, 3, 71, 72, 40, 7, 75, 12, 41, 48, 20, 24, 28, 184]","['repeated-measures analysis of variance', 'individual-difference correlations', 'multitrait–multimethod matrices', 'process dissociation framework', 'individual differences scoring', 'multitrait–multimethod matrix', 'multiple-regression analysis', 'exploratory factor analysis', 'multiple-regression anal-', 'implicit association test', 'latentvariable analyses', 'structural-fit analysis', 'bogus pipeline approach', 'structural-fit account', 'reliability analysis', 'theoretical analysis', 'correlation matrix', 'one-sample t tests', 'indirect rating )', 'anova']","None","4","[0.01, 0.05, 0.01, 0.05, 0.001, 0.58, 0.31, 0.06, 0.31, 0.43, 0.05, 0.01, 0.001, 0.001, 0.001, 0.01, 0.001, 0.01, 0.001, 0.12, 0.72, 0.12, 0.05, 0.01, 0.05, 0.01, 0.36, 0.61, 0.001, 0.06, 0.01, 0.98, 0.01, 0.001, 0.05, 0.33]","[0.64, 0.68, 0.5, 0.05, 0.71, 0.31, 0.53]","None"
"10.1111/j.1467-9280.2008.02080.x","[200000, 200, 400, 24, 30]","['magnetic resonance imaging', 'logistic regression', 'unpaired t test', 'paired t tests']","None","3","[0.001, 0.003, 0.013, 0.038, 0.552]","None","None"
"10.1037/0022-3514.94.2.94.2.265","[3, 38, 41, 172, 109, 78, 16, 81, 147, 120, 59, 31]","['exploratory principle components analysis', 'hierarchical linear modeling', 'reinforcement affect model', 'between-subjects analysis', 'simple effects tests', 'analysis of variance', 'chi-square analysis', 'regression analyses', 'paired t test', 'anova']","None","4","[0.0001, 0.002, 0.02, 0.02, 0.05, 0.009, 0.001, 0.02, 0.02, 0.01, 0.04, 0.05, 0.04, 0.001, 0.01, 0.001, 0.001, 0.001, 0.03, 0.002, 0.001, 0.002, 0.001, 0.006, 0.009, 0.001, 0.001, 0.003, 0.005]","[0.38, 0.22, 0.49, 0.77, 0.73, 0.69]","None"
"10.1111/j.1467-9280.2008.02056.x","[57, 20]","['simple-effects tests', 'analysis of variance', 'three-factor theory', 'mixed-model anova']","None","3","[0.02, 0.29, 0.01, 0.03, 0.001, 0.05, 0.02, 0.01, 0.01, 0.02, 0.01, 0.05, 0.06]","[0.53, 0.25, 0.58, 0.49]","None"
"10.1037/0278-7393.34.1.50","[16, 2250, 50]","['repeated-measures analysis of variance', 'connectionist dual-process model', 'information processing theory', 'nested incremental modeling', 'pathway control hypothesis', 'dual route cascaded model', 'repeated-measures anova', 'mixed-model anova', 'drc model', 'account']","None","5","[0.001, 0.001, 0.001, 0.05, 0.001, 0.001, 0.001, 0.001, 0.001, 0.001, 0.001, 0.001, 0.001, 0.001, 0.001, 0.001, 0.001, 0.001, 0.1, 0.001, 0.001, 0.001, 0.001, 0.001, 0.1, 0.001, 0.001, 0.15, 0.1, 0.001, 0.05, 0.001, 0.001]","None","None"
"10.1037/0022-3514.94.1.133","[1, 34, 5, 43, 77, 82, 117, 55, 61]","['nested repeated measures analyses of variance ( anovas', 'nested repeated measures anova', 'hierarchical linear modeling', 'respiratory sinus arrhythmia', 'repeated measures designs', 'peated measures anova', 'chi-square analysis', 'independent t tests', 'heteroscedasticity', 'appraisal theories', 'independent t test', 'five-factor model', 'paired t tests']","None","2","[0.43, 0.001, 0.001, 0.001, 0.001, 0.007, 0.021, 0.001, 0.001, 0.001, 0.001, 0.018, 0.002, 0.4, 0.002, 0.042, 0.026, 0.001, 0.001, 0.001, 0.002, 0.001, 0.001, 0.02, 0.21, 0.002, 0.002, 0.002, 0.95, 0.16, 0.15, 0.001, 0.001, 0.001, 0.001, 0.046, 0.1, 0.001, 0.001, 0.1, 0.03, 0.002, 0.113, 0.003, 0.005, 0.001, 0.001, 0.001, 0.001, 0.001, 0.001, 0.001, 0.001, 0.018, 0.023, 0.001, 0.017, 0.001, 0.005, 0.985, 0.244, 0.032, 0.024, 0.001, 0.001, 0.232]","None","None"
"10.1037/0022-3514.94.1.91","[74, 47, 82, 20, 55, 90, 60, 157, 30, 127]","['hypothesized mediational analysis', 'reverse mediational analysis', 'moderated partial mediation', 'moderated mediation model', 'implicit association test', 'analysis of covariance', 'moderation regression', 'mediational pathways', 'simple effects tests', 'partial correlations', 'regression analysis', 'simple effects test', 'reverse mediation', 'mediational model', 'chi-square test', 'factor analysis', '2 2 anova', 'ancova']","None","4","[0.001, 0.05, 0.01, 0.05, 0.05, 0.05, 0.05, 0.08, 0.07, 0.01, 0.05, 0.005, 0.05, 0.1, 0.01, 0.05, 0.05, 0.05, 0.06, 0.01, 0.05, 0.05, 0.001, 0.01, 0.05, 0.05, 0.01, 0.01, 0.05, 0.05, 0.05, 0.05, 0.01, 0.01, 0.05, 0.05, 0.01, 0.001, 0.01, 0.1, 0.001, 0.01, 0.01, 0.005, 0.001, 0.001, 0.001, 0.01, 0.005, 0.005, 0.05, 0.05]","[0.43, 0.84, 0.04, 0.43, 0.03, 0.43, 0.52]","None"
"10.1111/j.1467-9280.2008.02062.x","[32, 33, 196, 2500, 40, 11, 236, 140, 29551, 535]","['spreading-activation theory', 'independent-samples t test', 'mann-whitneyu test', 'mannwhitney u test', 'prospect theory', 'oppenheimer']","None","3","[0.01, 0.05, 0.05, 0.05, 0.05, 0.05, 0.002, 0.003, 0.01, 0.005, 0.05]","None","None"
"10.1111/j.1467-9280.2008.02091.x","[12, 29]","['random-effects analyses', 'regression analysis', 'ultimatum game', 'uncorrected']","None","2","[0.001, 0.01]","[0.89, 0.82, 0.38, 0.32, 0.2, 0.11, 0.77, 0.68, 0.86, -0.92, 0.76]","None"
"10.1111/j.1467-9280.2008.02095.x","[36, 14, 50, 119, 126, 62]","['weighted conditional probability scores', 'multiple discrepancies theory', 'multiple mediator models', 'simple mediation models', 'adaptation-level theory', 'correlational analyses', 'arcsine transformation', 'partial correlations', 'regression analyses', 'probability theory', 'asymptotic and', 'fisher z tests', 'sobel test', 'spss']","None","4","[0.06]","[0.42, 0.42, 0.13, 0.06]","None"
"10.1037/0022-3514.94.3.531","[130, 1000, 9, 43, 46, 50000, 113, 50, 21, 88, 121]","['between-subject correlation coefficients', 'between-subject correlation coefficient', 'within-subject correlation coefficients', 'within-subject correlation coefficient', 'withinsubject correlation coefficient', 'random-intercept mixed linear models', 'structural correlation coefficients', 'random-intercept mixed linear model', 'stability correlation coefficients', 'intraclass correlation ( icc )', 'unconditional means models', 'neo-socioanalytic model', 'nonparametric estimates', 'bottom-up explanation', 'interactionist models', 'conditional approach', 'multilevel framework', 'subject correlations', 'interpersonal theory', 'five-factor model', 'circumplex models', 'bootstrap methods', 'regression model', 'circumplex model', 'mediation model', 'sas institute', 'jackknife', 'sas mixed', 'sas/stat', 'statis-']","None","3","[0.001, 0.001, 0.01, 0.05, 0.001, 0.05, 0.05, 0.001, 0.01, 0.001, 0.001, 0.01, 0.001]","[0.91, 0.91]","None"
"10.1037/0278-7393.34.2.257","[1249, 41, 14, 60, 112, 18, 1075, 84, 20, 118, 28, 29, 30]","['spreading-activation theory', 'statistical power analysis', 'analyses of variance', 'analysis of variance', 'multinomial model', 'repeated measures', 'bayesian model', 'simple model', 'anovas—one', 'estimation', 'anovas', 'anova']","None","4","[0.05, 0.01, 0.01, 0.01, 0.01, 0.01, 0.01, 0.05, 0.05, 0.05, 0.05, 0.05, 0.05]","None","None"
"10.1111/j.1467-9280.2008.02054.x","[2, 3, 34]","['principal components analysis', 'partial correlations', 'simple correlations', 'meta-analytic and']","None","None","[0.025, 0.05, 0.6, 0.025, 0.01]","[0.36, 0.3, 0.08, 0.36, 0.4]","None"
"10.1111/j.1467-9280.2008.02076.x","[831]","['implicit association test', 'dual-process models', 'fuzzy-trace theory']","None","None","None","None","None"
"10.1037/0278-7393.34.2.282","[2, 3, 36, 5, 6, 4, 9, 42, 12, 15, 21, 24, 25, 60, 30, 31]","['interactive activation approach', 'central bottleneck model', 'regression techniques', 'analysis of variance', 'connectionist models', 'planned contrasts', 'two-factor anova', 'sharing model', 'anova ) tests', 'accounts']","None","2","[0.0005, 0.001, 0.0005, 0.0005, 1e-05, 1e-05, 0.057, 0.0005, 0.05, 0.01, 0.01, 1e-05, 1e-05, 0.05, 0.12, 0.05, 0.05, 0.05, 0.05, 0.05, 0.175, 0.183, 0.05, 0.05, 0.05, 0.04, 1e-05, 1e-05, 0.05, 0.05, 0.0005, 0.01, 0.05, 0.05, 1e-05, 0.005, 1e-05, 1e-05, 0.0005, 0.05, 0.005, 0.072, 1e-05, 0.05, 0.01, 0.05]","None","None"
"10.1037/0022-3514.94.2.94.2.196","[192, 261, 71, 105, 44, 144]","['direct mediational analyses', 'analysis of variance', 'regression analysis', 'multiple regression', 'regression analyses', 'functional approach', 'mediational pattern', 'mixed-design anova', 'mixeddesign anova', 'one-way anova', 'metaanalysis']","None","5","[0.016, 0.02, 0.019, 0.01, 0.04, 0.044, 0.049, 0.28, 0.83, 0.05, 0.015, 0.019, 0.001, 0.001, 0.006, 0.002, 0.016, 0.03, 0.18, 0.15, 0.023, 0.014, 0.001, 0.005, 0.001, 0.006, 0.001, 0.001, 0.001, 0.001, 0.006, 0.59, 0.05, 0.002, 0.58, 0.008, 0.001, 0.011, 0.037, 0.001, 0.016, 0.19, 0.02, 0.01, 0.02, 0.001, 0.23, 0.001, 0.01, 0.01, 0.024, 0.003, 0.19, 0.019, 0.26, 0.001, 0.0001, 0.01, 0.001, 0.38, 0.034, 0.011, 0.09, 0.015, 0.026, 0.002, 0.017, 0.001, 0.002, 0.025, 0.001, 0.001, 0.001, 0.017, 0.002, 0.025, 0.001, 0.01, 0.001, 0.048, 0.01, 0.08, 0.001, 0.002, 0.001, 0.001, 0.005, 0.003, 0.28, 0.08, 0.05]","[0.93, 0.89, 0.11, 0.16]","None"
"10.1111/j.1467-9280.2008.02077.x","[121]","['brief mood introspection scale', 'one-way analysis of covariance', 'one-way analysis of variance', 'fuzzy-trace theory', 'one-way anova', 'two-way anova', 'ancova']","None","None","None","None","None"
"10.1111/j.1467-9280.2008.02088.x","[82]","['repeated measures analysis of variance', 'repeated measures anovas', 'repeated measures anova']","None","None","[0.05, 0.05, 0.05, 0.05, 0.4, 0.001, 0.05, 0.05, 0.05, 0.01, 0.05, 0.05]","None","None"
"10.1037/0278-7393.34.2.353","[160, 40, 14, 80, 18, 20, 24]","['probability plotting methods', 'spreading-activation theory', 'quantile–quantile plots', 'distributional analysis', 'quantile–quantile plot', 'analyses of variance', 'dual-process model', 'cascade model', 'weaver model', 'lemmas']","None","3","[0.002, 0.02, 0.02, 0.4, 0.22, 0.24, 0.11, 0.03, 0.33, 0.26, 0.002, 0.05, 0.001, 0.02, 0.02, 0.4, 0.88, 0.8, 0.002, 0.07, 0.004, 0.13, 0.31, 0.001, 0.62, 0.74, 0.001, 0.04, 0.23, 0.31, 0.23, 0.23, 0.61, 0.68, 0.83, 0.84, 0.01, 0.16, 0.65, 0.73, 0.99, 0.91, 0.7, 0.73, 0.95, 0.33, 0.001, 0.001, 0.02, 0.04, 0.03, 0.06, 0.001, 0.006, 0.02, 0.06, 0.89, 0.91, 0.001, 0.007, 0.006, 0.02, 0.97, 0.93, 0.03, 0.13, 0.05, 0.07, 0.83, 0.88, 0.84, 0.81, 0.006, 0.001, 0.001, 0.001, 0.04, 0.02, 0.33, 0.44, 0.001, 0.021, 0.02, 0.04, 0.46, 0.59, 0.005, 0.09, 0.006, 0.011, 0.63, 0.8, 0.02, 0.13, 0.04, 0.03, 0.1, 0.08, 0.8, 0.8, 0.61, 0.58, 0.001, 0.09, 0.06, 0.87]","None","[0.9939, 0.9973]"
"10.1037/0022-3514.94.4.600","[103, 42, 106, 114, 22, 23]","['social functional analysis', 'game-theoretic models', 'analysis of variance', 'regression analyses', 'mediation analyses', 'mediation analysis', 'post hoc analysis', 'causal analysis', 'sobel test', '2 2 anova']","None","3","[0.0001, 0.0001, 0.01, 0.0001, 0.001, 0.0001, 0.0001, 0.0001, 0.01, 0.0001, 0.001, 0.001, 0.14, 0.04, 0.01, 0.01, 0.0001, 0.0001, 0.0001, 0.0001, 0.04, 0.001, 0.001, 0.09, 0.05, 0.01, 0.01, 0.01, 0.0001, 0.0001, 0.001, 0.01, 0.01, 0.005, 0.0001, 0.07, 0.15, 0.001, 0.01, 0.0001, 0.05, 0.04, 0.05, 0.0001, 0.0001, 0.0001, 0.0001, 0.0001, 0.0001, 0.01, 0.01, 0.0001, 0.0001, 0.05, 0.0001, 0.0001, 0.01, 0.05, 0.05, 0.0001, 0.04, 0.0001, 0.0001, 0.05, 0.0001, 0.01, 0.01, 0.0001, 0.02, 0.001, 0.85, 0.1, 0.36, 0.05, 0.04]","[0.47, 0.66]","[0.19, 0.32, 0.28, 0.18, 0.17, 0.47, 0.28, 0.41, 0.38]"
"10.1111/j.1467-9280.2008.02074.x","[24, 10000, 23]","['ethnobiological classification', 'sas hierarchical cluster', 'successive pile sort', 'walk-run transition', 'synergetic theory', 'similarity matrix', 'sas institute', 'sas stats']","None","2","None","[0.99, 0.99, 0.9]","None"
"10.1037/0022-3514.95.2.385","[9, 42, 38]","['multivariate multilevel random coefficient modeling', 'multilevel random coefficient models', 'noncentral chi-square distribution', 'joint chi-square significance test', 'developmental pathways analysis', 'multivariate hierarchical model', 'covariance structure analysis', 'state-trait anxiety inventory', 'hierarchical linear modeling', 'attachment theory analysis', 'hierarchical linear models', 'average cortisol model', 'parallel process model', 'multivariate research', 'likelihood ratio test', 'reunion growth models', 'multiple imputation', 'linear growth model', 'ancillary analyses', 'chi-square tests', 'ancillary tests', 'level 3 models', 'level 1 model', 'growth curve', 'rate models', 'sem models', 'level 2']","None","None","[0.1, 0.05, 0.01, 0.001, 0.001, 0.01, 0.02, 0.001, 0.05, 0.05, 0.1, 0.05, 0.01, 0.001, 0.01, 0.001, 0.001, 0.01, 0.001, 0.001, 0.001, 0.001, 0.001, 0.05, 0.05, 0.001, 0.01, 0.001, 0.01, 0.001, 0.001, 0.001, 0.05, 0.001, 0.05, 0.001, 0.01, 0.11, 0.001, 0.05, 0.001, 0.05, 0.01, 0.01, 0.01, 0.05, 0.05, 0.05, 0.01, 0.001, 0.05, 0.001, 0.05, 0.05, 0.05, 0.05, 0.05, 0.05, 0.05, 0.01, 0.05, 0.05, 0.05, 0.01, 0.05, 0.05, 0.1, 0.05, 0.05, 0.05]","None","None"
"10.1111/j.1467-9280.2008.02066.x","[24, 36]","['mixed analysis of variance']","None","4","[0.001, 0.001, 0.01, 0.01, 0.05, 0.05, 0.001, 0.001, 0.01, 0.001, 0.01, 0.01, 0.001, 0.01, 0.05, 0.05, 0.001, 0.001, 0.01, 0.05, 0.01, 0.001, 0.001, 0.05, 0.05, 0.05]","[0.14, 0.24]","None"
"10.1037/0278-7393.34.2.430","[448, 32, 72, 106, 16, 20]","['analyses of variance', 'triple code model', 'three-way anova', 'two-way anovas', 'analysis']","None","2","[0.001, 0.001, 0.001, 0.001, 0.05, 0.05, 0.001, 0.05, 0.001, 0.001, 0.001, 0.05, 0.001, 0.05, 0.001, 0.001, 0.001, 0.001, 0.001, 0.001, 0.01, 0.05, 0.05, 0.005, 0.001, 0.005, 0.05, 0.001, 0.001, 0.05]","None","None"
"10.1037/0278-7393.34.2.369","[1600, 320, 1248, 7, 1000, 12, 15, 240, 18]","['repeated measures analysis of variance', 'detection theory account', 'two-stage model', 'anova test']","None","3","[0.001, 0.001, 0.004, 0.006, 0.001, 0.001, 0.02, 0.2, 0.25, 0.02, 0.05, 0.01, 0.03, 0.01, 0.25, 0.35, 0.01, 0.07, 0.7, 0.02, 0.05, 0.01]","None","None"
"10.1037/0022-3514.94.4.631","[169, 82, 20]","['integrative behavioral couple therapy', 'intraclass correlation coefficients', 'two-level linear multilevel model', 'multivariate behavioral research', 'standardized partial regression', 'multivariate hierarchical model', 'hierarchical linear modeling', 'taylor and brown formulation', 'applied multiple regression', 'structural equation models', 'hierarchical linear models', 'cross-spouse correlations', 'partial correlation and', 'ordinary least squares', 'correlational analysis', 'growth curve analysis', 'growth curve modeling', 'second-stage analysis', 'multilevel analysis', 'multilevel modeling', 'level 1 hlm model', 'investment model', 'chi-square tests', 'diary covariance', 'hlm analyses', 'chi-squares', 't tests', 't test', 'inter-']","None","2","[0.001, 0.1, 0.05, 0.01, 0.001, 0.1, 0.05, 0.01, 0.001, 0.05, 0.05, 0.05, 0.05, 0.07, 0.1, 0.05, 0.01, 0.001, 0.05, 0.001, 0.001, 0.001, 0.001, 0.001, 0.5, 0.5, 0.5, 0.5, 0.1, 0.05, 0.05, 0.05, 0.01, 0.01]","[0.63, 0.58, 0.46, 0.15, 0.22, 0.52, 0.63, 0.63, 0.04, 0.0, 0.0, 0.03]","None"
"10.1037/0278-7393.34.1.167","[3360, 65, 33, 3, 68, 38, 71, 72, 40, 39, 48, 30]","['bayesian model selection and model averaging', 'hierarchical linear regression analysis', 'bayesian sequential risk-taking models', 'bayesian sequential risk-taking model', 'correlated correlation coefficients', 'bic bayesian information criterion', 'mle maximum-likelihood estimates', 'maximum likelihood ratio tests', 'simultaneous linear regression', 'probability weighting function', 'information criterion ( aic )', 'nelder–mead downhill simplex', 'cognitive modeling analysis', 'behavioral decision theory', 'statistical baseline model', 'cumulative prospect theory', 'linear regression analyses', 'ml maximum log likelihood', 'bayesian learning process', 'stationary representation', 'bayesian learning models', 'nested model comparisons', 'linear regression model', 'pearson r correlations', 'bayesian data analysis', 'decision field theory', 'multitheory framework', 'belief-based account', 'four-way interaction', 'annals of statistics', 'statistical methods', 'nelder–mead method', 'gamma distribution', 'linear regressions', 'beta distribution', 'stationary model', 'bsr models', 'full model', 'bsr model', 'anovas', 'anova', 'bayes']","2","None","[0.01, 0.01, 0.05, 0.05, 0.05, 0.05, 0.05, 0.05, 0.05, 0.01, 0.01, 0.01, 0.01, 0.01, 0.01, 0.05, 0.05, 0.01, 0.05, 0.01, 0.05, 0.05]","[0.7, 0.37, 0.34, 0.07, 0.6, 0.52]","[0.13]"
"10.1037/0278-7393.34.2.415","[24]","['repeated-measures analyses of variance', 'analysis of variance']","None","5","[0.001, 0.01, 0.05, 0.001, 0.05, 0.05, 0.001, 0.05, 0.05, 0.001, 0.05, 0.05, 0.001, 0.01, 0.05, 0.001, 0.05, 0.05, 0.001, 0.05, 0.05, 0.001, 0.05, 0.05, 0.001, 0.05, 0.05, 0.001, 0.05, 0.05]","None","None"
"10.1037/0278-7393.34.1.186","[56, 39]","['non-proportional sampling', 'conditional dependencies', 'differential regression', 'repeated-measures anova', 'construal level theory', 'optimal data analysis', 'bayesian statistician', '187ultimate sampling', 'information sampling', 'analysis of variance', 'input-bound sampling', 'likelihood ratios', 'multiply split', 'anova-treating']","None","2","[0.001, 0.05, 0.001, 0.001, 0.01, 0.01, 0.001, 0.01, 0.01, 0.001, 0.001, 0.001, 0.01, 0.001, 0.001, 0.01, 0.05, 0.05]","[0.867, 0.76, 0.413]","None"
"10.1037/0022-3514.94.1.158","[60, 110]","['repeated measures analysis of variance', 'socioemotional selectivity theory', 'independent samples t tests', 'statistical power analysis', 'independent samples t test', 'repeated measures anova', 'gradual threshold model', 'paired samples t tests', 'correlational analysis', 'life-span theory', 'pearson']","None","2","[0.98, 0.88, 0.001, 0.001, 0.001, 0.001, 0.001, 0.001, 0.001, 0.01, 0.7, 0.001, 0.001, 0.052, 0.001, 0.001, 0.53, 0.001, 0.29, 0.09, 0.08, 0.23, 0.005, 0.005, 0.93, 0.05, 0.001, 0.001, 0.05, 0.005, 0.21, 0.07, 0.005]","[0.14, 0.22, 0.23, 0.16, 0.36, 0.39, 0.17, 0.26, 0.39]","None"
"10.1037/0278-7393.34.1.249","[64, 160, 96, 36, 260, 40, 1000, 12, 80, 2000, 48, 400, 24, 220]","['interactive activation model', 'spreading activation theory', 'level model', 'f2 analyses', 'f1 analyses']","None","2","[0.01, 0.001, 0.003, 0.007, 0.07, 0.05, 0.26, 0.11, 0.3, 0.07, 0.3, 0.06, 0.05, 0.001, 0.04, 0.02, 0.03, 0.03, 0.1, 0.15, 0.18, 0.02, 0.04, 0.01]","None","None"
"10.1037/0022-3514.94.4.672","[130, 150, 151, 24, 30, 164, 173, 434, 819, 436, 53, 184, 65, 458, 76, 206, 78, 86, 216, 729, 218, 222, 1000, 361, 105, 236, 500, 120, 122, 381]","['continuous regression analysis', 'parallel regression analysis', 'logistic regression analysis', 'point biserial correlation', 'anova analysis of variance', 'heuristic-analytic theory', 'scheffé post hoc test', 'dual process accounts', 'dual-process models', 'theory of games and', 'regression analyses', 'fuzzy-trace theory', 'tri-process model', 'relevance theory', 'prospect theory', 'allais problem', 'regret theory', 'one-way anova', 'gf-gc theory', 'metaanalysis', 'correlations', 'behavioral', 'anova )', 'anovas']","None","8","[0.001, 0.001, 0.05, 0.001, 0.05, 0.011, 0.05, 0.01, 0.001, 0.001, 0.05, 0.009, 0.001, 0.001, 0.05, 0.01, 0.001, 0.001, 0.01, 0.01, 0.05, 0.032, 0.001, 0.01, 0.001, 0.001, 0.001, 0.01, 0.001, 0.01, 0.001, 0.001, 0.1, 0.001, 0.001, 0.073, 0.001, 0.001, 0.001, 0.001, 0.001, 0.001, 0.1, 0.001, 0.001, 0.001, 0.001, 0.001, 0.001, 0.001, 0.001, 0.001, 0.001, 0.05, 0.001, 0.01, 0.001, 0.001, 0.001, 0.001, 0.001, 0.05, 0.001]","[0.28, 0.25, 0.39, 0.45, 0.353, 0.292]","None"
"10.1037/0278-7393.34.1.32","[35, 167, 104, 205, 52, 86]","['hierarchical multinomial processing tree models', 'unidimensional signal-detection theory model', 'two-dimensional signaldetection model', 'unidimensional memory-strength model', 'multivariate signal detection theory', 'multinomial source-monitoring model', 'multinomial sourcemonitoring model', 'receiver-operating characteristics', 'multinomial process tree modeling', 'computational-modeling analysis', 'general processing tree models', 'process dissociation framework', 'one-tailed binomial sign test', 'relational binding theory', 'sum–difference theory', 'neurocognitive model', 'multinomial analysis', 'analysis of variance', 'statistical analysis', 'dual-process models', 'dual-process theory', 'multimodular model', 'multinomial mod-', 'summation model', 'course analysis', 'statisti-', 'hmmtree']","4","5","[0.242, 0.588, 0.288, 0.264, 0.281, 0.105, 0.026, 0.4, 0.001, 0.001, 0.143, 0.961, 0.001, 0.001, 0.072, 0.01, 0.561, 0.345, 0.784, 0.001, 0.027, 0.933, 0.306, 0.018, 0.025, 0.302, 0.647, 0.004, 0.809, 0.001, 0.001, 0.033, 0.476, 0.591, 0.017, 0.729, 0.001, 0.536, 0.001, 0.371, 0.001, 0.382, 0.323, 0.251, 0.005, 0.634, 0.001, 0.617, 0.001, 0.44, 0.001, 0.24, 0.001, 0.438, 0.854, 0.637, 0.004]","[0.36, 0.041]","None"
"10.1037/0022-3514.94.2.278","[122, 11, 4, 7]","['ensemble averaged impedance cardiogram', 'impedance cardiography', 'three-way interactions', 'biopsychosocial model', 'impedance cardiograph', 'analyses of variance', 'simple effects tests', 'simple effects test', 'ancillary analyses', 'polyvagal theory', 'two-way inter-', 'symmetrical', 'full model', 'omnibus', 'anovas', 'anova']","None","None","[0.0007, 0.001, 0.01, 0.008, 0.05, 0.01, 0.001, 0.01, 0.001, 0.007, 0.001, 0.04, 0.05, 0.052, 0.1, 0.1, 0.05, 0.01, 0.006, 0.001, 0.13, 0.05, 0.05, 0.08, 0.013, 0.01, 0.02, 0.036, 0.08, 0.03, 0.005, 0.03, 0.025, 0.01, 0.005, 0.05, 0.1, 0.09, 0.15, 0.048, 0.02, 0.025, 0.05, 0.03, 0.08, 0.05, 0.04, 0.05, 0.05, 0.05, 0.05, 0.05, 0.002, 0.05, 0.04, 0.006, 0.01, 0.05, 0.052, 0.007, 0.03]","[0.53, 0.36, 0.07, 0.23, 0.31, 0.19, 0.31, 0.22]","None"
"10.1037/0022-3514.95.2.420","[5, 135, 18, 152, 154, 30, 32, 38, 50, 55, 56, 186, 60, 62, 63, 65, 70, 217, 90, 116, 121]","['depressive interpersonal relationships inventory', 'repeated measures analysis of variance', 'hierarchical regression analysis', 'covariance structure modeling', 'item response theory analysis', 'structural equation modeling', 'alternative mediation models', 'adjusted independence model', 'dependency-regulation model', 'nonrecursive causal models', 'theorized mediation model', 'modified model chi-square', 'repeated measures anovas', 'structural equation mod-', 'goodness-of-fit tests', 'chi-square analyses', 'nonnormed fit index', 'hierarchical models', 'attribution theory', 'proc mixed and hlm', 'attachment theory', 'traditional model', 'multilevel models', 'structural models', 'chi-square tests', 'one-tailed tests', '2 2 mixed anova', 'chi-square test', 'factor analysis', 'chisquare test', 'path analysis', 'growth models', 'sas institute', 'path analyses', 'mixed anovas', 'path models', 'i-sat model', 't1 model', 't2 model', 'sas/stat']","2","5","[0.001, 0.001, 0.001, 0.001, 0.001, 0.001, 0.001, 0.05, 0.001, 0.001, 0.001, 0.001, 0.12, 0.001, 0.001, 0.001, 0.45, 0.01, 0.001, 0.001, 0.001, 0.001, 0.001, 0.01, 0.001, 0.001, 0.001, 0.05, 0.05, 0.001, 0.001, 0.001, 0.001, 0.001, 0.001, 0.01, 0.001, 0.001, 0.001, 0.001, 0.001, 0.078, 0.001, 0.01, 0.001, 0.001, 0.001, 0.001, 0.05, 0.001, 0.07, 0.001, 0.001, 0.001, 0.001, 0.001, 0.05, 0.01, 0.01, 0.17, 0.001, 0.01, 0.001, 0.001, 0.01, 0.23, 0.26, 0.49, 0.14, 0.001, 0.16, 0.08, 0.001, 0.001, 0.01, 0.05, 0.01, 0.05, 0.001, 0.001, 0.001, 0.001, 0.001, 0.001, 0.05, 0.001, 0.001, 0.001, 0.001, 0.001, 0.05, 0.001, 0.07, 0.01, 0.001, 0.05, 0.001, 0.001, 0.065, 0.042]","[0.28, 0.34, 0.47, 0.59, 0.37, 0.27, 0.17, 0.24, 0.37, 0.52, 0.29, 0.38, 0.29, 0.19, 0.27, 0.48, 0.46, 0.42, 0.63, 0.38, 0.55, 0.45, 0.56]","None"
"10.1037/0278-7393.34.1.12","[1025, 40, 10, 659, 20, 21, 2938, 925]","['linear mixed-effects analysis of covariance', 'ordinary least squares regression model', 'generalized linear , mixed effects and', 'linear multiple regression analyses', 'hierarchical regression analyses', 'nonparametric regression models', 'mixed-effects regression model', 'interactive activation models', 'multiple regression analysis', 'interactive activation model', 'one-way analyses of variance', 'one-way analysis of variance', 'generalized additive models', 'between-group correlations', 'multiple read-out model', 'regression diagnostics', 'likelihood ratio tests', 'mixed-effects models', 'regression approach', 'regression designs', 'markov chain monte', 'intercorrelations', 'bilingual model', 'linear model', 'lme4 library']","None","2","[0.05, 0.001, 0.001, 0.001, 0.02, 0.01, 0.001, 0.5, 0.03, 0.3, 0.8, 0.05, 0.02, 0.01, 0.2, 0.3, 0.66, 0.08, 0.15, 0.32, 0.1, 0.054, 0.01, 0.001, 0.08, 0.1, 0.9, 0.45, 0.001, 0.01]","None","[0.49, 0.6]"
"10.1037/0022-3514.94.2.347","[1286, 391, 12, 14, 766, 15, 533, 25494, 2331, 35, 551, 9770, 44, 46, 1710, 1203, 1075, 821, 2489, 1466, 441, 2365, 64, 65, 966, 3022, 62674, 600, 130778, 1249, 1001, 124139, 4595, 116, 1015, 32894]","['principal components analyses ( pcas', 'exploratory factor analysis', 'big-five factor structure', 'six-factor marker scales', 'hierarchical analysis of', 'three-factorial models', 'psychobiological model', 'eight-factor structure', 'big seven factor model', 'interrater reliability', 'six-factor structure', 'five-factorial model', 'circumplex approach', 'component analysis', 'seven-factor level', 'five-factor model', 'structural model', 'factor analyses', 'big five model', 'scree test', 'penmodel']","None","3","[0.05]","None","None"
"10.1037/0278-7393.34.1.146","[1, 3, 4, 358534, 72, 40, 20, 24]","['repeated-measures analyses of variance', 'intervening item analysis', 'repeated-measures anovas', 'repeated-measures anova', 'frequency analysis', 'competition model', 'chialant']","None","6","[0.001, 0.05, 0.001, 0.05, 0.001, 0.005, 0.12, 0.001, 0.005, 0.01, 0.005, 0.001, 0.01, 0.001, 0.05, 0.001, 0.001, 0.005, 0.001, 0.001, 0.05, 0.001, 0.01, 0.005, 0.001, 0.001, 0.01, 0.001, 0.001, 0.001, 0.1, 0.15, 0.05, 0.005, 0.05, 0.09, 0.05, 0.2, 0.3, 0.25, 0.001, 0.001, 0.001, 0.001, 0.01, 0.001, 0.005, 0.001, 0.001, 0.05, 0.09, 0.001, 0.005, 0.01, 0.05, 0.001, 0.005, 0.01, 0.001, 0.001, 0.15, 0.1, 0.001, 0.001, 0.3, 0.001, 0.005, 0.001, 0.001, 0.25, 0.001, 0.01, 0.005]","None","None"
"10.1111/j.1467-9280.2008.02049.x","[8, 9]","['stepwise multiple regression analysis', 'multiple regression program', 'least squares algorithm', 'ecological analysis', 'folds and cuts']","None","2","[0.2, 0.05, 0.001, 0.1, 0.05, 0.001, 0.01, 0.01, 0.001, 0.001, 0.001, 0.001, 0.001, 0.5, 0.4, 0.001, 0.001, 0.05, 0.001]","[0.98, 0.98]","None"
"10.1037/0278-7393.34.3.533","[2, 2500, 12, 13, 15, 16, 17, 18, 19, 20, 24]","['parallel distributed processing model', 'two-way analysis of variance', 'additive factor method', 'dual-process model', 'dual-route models', 'stage analysis', 'two-way anova', 'simon effect']","None","6","[0.01, 0.001, 0.25, 0.35, 0.14, 0.05, 0.05, 0.001, 0.26, 0.001, 0.075, 0.05, 0.08, 0.001, 0.01, 0.2, 0.26, 0.001, 0.05, 0.001, 0.15, 0.3]","[0.23, 0.07]","None"
"10.1111/j.1467-9280.2008.02089.x","[127, 383]","None","None","None","None","None","None"
"10.1037/0022-3514.94.2.292","[65, 2, 3, 4, 69, 153, 39, 35, 15, 49, 115, 788, 24, 121, 61, 25, 63]","['mixed-model analysis of variance', 'implicit association tests', 'implicit association test', 'analysis of covariance', 'simple effects tests', 'one-way anova', 'analyses']","None","6","[0.01, 0.001, 0.05, 0.01, 0.01, 0.01, 0.001, 0.001, 0.001, 0.001, 0.001, 0.01, 0.05, 0.001, 0.01, 0.001, 0.05, 0.001, 0.001, 0.001, 0.01, 0.05, 0.01, 0.05, 0.05]","None","None"
"10.1111/j.1467-9280.2008.02093.x","[200, 43, 1500, 53]","['simple regressions', 'simple regression', 'scatter plot']","None","2","[0.81, 0.01, 0.01, 0.6, 0.64, 0.05, 0.05]","[0.42]","None"
"10.1111/j.1467-9280.2008.02057.x","[12581, 43, 45, 85, 25564]","['repeated measures multivariate analysis of variance', 'analysis of variancearounded', 'inferential correction', 'ancillary analysis']","None","4","None","None","None"
"10.1037/0022-3514.94.5.739","[545, 546, 90, 179, 58]","['principal component analysis', 'hedonic contingency theory', 'zero-order correlations', 'cognitive tuning model', 'intraclass correlation', 'analysis of variance', 'mediational analysis', 'multilevel analysis', 'regression analyses', 'dual pathway model', 'oblimin rotation', 'circumplex model', 'mediation tests', 'one-way anova', 'four level']","None","4","[0.06, 0.05, 0.05, 0.025, 0.003, 0.075, 0.14, 0.43, 0.025, 0.05, 0.05, 0.01, 0.037, 0.035, 0.05, 0.14, 0.05, 0.044, 0.05, 0.06, 0.025, 0.036, 0.05, 0.05, 0.07, 0.1, 0.05, 0.05, 0.05, 0.001, 0.05, 0.01, 0.025, 0.03, 0.001, 0.015, 0.001, 0.015, 0.1, 0.05, 0.01, 0.05, 0.025]","None","[0.16]"
"10.1037/0278-7393.34.3.524","[24, 532, 200]","['error repetition analysis', 'analyses of variance', 'short-term memory', 'positional model', 'null model']","None","None","[0.168, 0.05, 0.01, 0.001, 0.01, 0.23]","None","None"
"10.1037/0022-3514.94.2.94.2.231","[64, 2, 4, 69, 38, 39, 109, 155, 28]","['biased hypothesis-testing model', 'one-factorial design', 'mediational analysis', 'chi-square analysis', 'chi-square analyses', 'chisquare analysis', 'dissonance theory', 'linear analysis', 'logit analysis']","None","4","[0.003, 0.04, 0.03, 0.002, 0.22, 0.01, 0.002, 0.01, 0.002, 0.65, 0.004, 0.03, 0.05, 0.02, 0.39, 0.02, 0.001, 0.048, 0.001, 0.39, 0.16, 0.84, 0.01, 0.001, 0.84, 0.76, 0.048, 0.16, 0.04, 0.001, 0.05, 0.003, 0.04, 0.01, 0.57, 0.001, 0.33, 0.01, 0.12]","None","None"
"10.1111/j.1467-9280.2008.02041.x","[45, 141, 54]","['parallel distributed processing approach', 'dynamic connectionist model', 'time-series analysis']","None","None","[0.0001, 0.0001, 0.05, 0.05]","[0.7]","None"
"10.1111/j.1467-9280.2008.02099.x","[33, 3, 7, 40, 14, 660]","['cognitive-affective system theory', 'social relations analysis', 'time-series correlations', 'interactionist ifthen', 'interpersonal systems', 'regression techniques', 'mixed-model analyses', 'time series analysis', 'mixed linear model', 'sas institute']","None","None","[0.22, 0.005, 0.4, 0.001, 0.001, 0.02, 0.5, 0.02]","None","None"
"10.1111/j.1467-9280.2008.02048.x","[21]","['two-way analyses of variance', 'correlation analysis', 'chisquare tests', 'anovas']","None","1","[0.01, 0.13, 0.19, 0.01, 0.001, 0.001, 0.8, 0.001, 0.01, 0.001, 0.001, 0.34, 0.1, 0.89, 0.31, 0.49, 0.94]","[0.16, 0.02]","None"
"10.1111/j.1467-9280.2008.02043.x","[16, 17, 512]","['intraclass correlation analysis', 'repeated measures anovas', 'correlational analysis', 'mann-whitney u tests', 'analysis of variance', 'two-way mixed model', 'wilcoxon sign tests', 'scatter plots', 'anova', 'auto-']","None","None","None","[0.82, 0.001, 0.07, 0.43, 0.55, 0.23, 0.01, 0.41, 0.47, 0.09]","None"
"10.1111/j.1467-9280.2008.02078.x","[2, 4, 6, 45, 47, 51, 86, 93]","['connectionist models', 'analysis of variance']","None","2","None","None","None"
"10.1037/2333-8113.1.S.73","[77, 124, 14000, 510000, 342, 122, 92, 30]","['expectancy-value models', 'analysis of variance', 'regression analyses', 'logistic regression', 'mediation analyses', 'mediation analysis', 'hierarchical model', 'path model', 'sobel test', 'erlbaum', 'anova']","None","4","[0.001, 0.001, 0.01, 0.05, 0.05, 0.01, 0.05, 0.001, 0.05, 0.05, 0.05, 0.05, 0.05, 0.01, 0.15, 0.05, 0.05, 0.01, 0.05, 0.05, 0.05, 0.01, 0.01, 0.05, 0.05, 0.05, 0.05, 0.01, 0.05, 0.01, 0.05, 0.06, 0.05, 0.05, 0.01, 0.05, 0.01, 0.001, 0.05, 0.05, 0.01, 0.05, 0.05, 0.01, 0.05, 0.05, 0.05, 0.01, 0.05, 0.05, 0.01, 0.01]","[0.74]","None"
"10.1037/0022-3514.95.2.293","[96, 102, 8, 13, 174, 111, 14, 1904, 50, 211, 87, 120, 122, 189, 62]","['hierarchical cluster analysis', 'structural equation models', 'dual-process theories', 'asymptotic intervals', 'regression equations', 'analysis of variance', 'dual-process models', 'likelihood analyses', 'mediation analysis', 'prospect theory', 'anova']","None","6","[0.01, 0.001, 0.05, 0.05, 0.001, 0.01, 0.001, 0.01, 0.001, 0.01, 0.05, 0.001, 0.01, 0.05, 0.05, 0.001, 0.05, 0.01, 0.01, 0.54, 0.05, 0.05, 0.05, 0.05, 0.001, 0.17, 0.01, 0.057, 0.01, 0.001, 0.001, 0.2, 0.001, 0.05, 0.01, 0.05, 0.001, 0.001, 0.06, 0.05, 0.05, 0.001, 0.05, 0.001, 0.001, 0.16, 0.01, 0.06, 0.01, 0.01, 0.001, 0.001, 0.05, 0.05, 0.001, 0.001, 0.1, 0.001, 0.001]","[0.31, 0.34, 0.31, 0.34]","None"
"10.1037/0022-3514.94.1.60","[455, 73, 45, 16, 48, 21, 59]","['applied multiple regression/correlation analysis', 'process dissociation framework', 'self-determination theory', 'flexible correction model', 'multivariate statistics', 'correlational analyses', 'simple-effect analyses', 'analysis of covariance', 'mixed-factorial anova', 'neurocognitive model', 'mixedfactorial anova', 'analysis of variance', 'partial correlations', 'regression analyses', 'mediation analyses', 'mediation analysis', 'regression models', 'regression model', 'mediation model', 'continuum model', 'one-way anovas', 'one-way anova', 'ancova']","None","2","[0.36, 0.001, 0.11, 0.001, 0.001, 0.01, 0.05, 0.001, 0.21, 0.001, 0.05, 0.001, 0.04, 0.02, 0.005, 0.005, 0.05, 0.01, 0.001, 0.005, 0.005, 0.001, 0.02, 0.005, 0.02, 0.005, 0.17, 0.005, 0.001, 0.01, 0.01, 0.13, 0.03, 0.03, 0.001, 0.001, 0.16, 0.15, 0.87, 0.001, 0.001, 0.001, 0.07, 0.04, 0.005, 0.02, 0.005, 0.39, 0.07, 0.71, 0.29, 0.26, 0.001, 0.02, 0.02, 0.01, 0.31, 0.15, 0.17, 0.001, 0.001, 0.05, 0.13, 0.03, 0.001, 0.02]","[0.14, 0.14, 0.64, 0.26, 0.33, 0.33, 0.51, 0.54]","None"
"10.1111/j.1467-9280.2008.02071.x","[40, 24, 27, 21]","['between-subjects analysis of variance']","None","1","None","None","None"
"10.1037/0022-3514.94.1.168","[36, 37, 17637, 40, 45, 18, 50, 52, 55]","['cross-cultural convergent correlation', 'one-way analysis of variance ( anova', 'multitrait multimethod analysis', 'structural equations modeling', 'multiple regression analysis', 'statistical power analysis', 'curvilinear hypothesis', 'partial correlations', 'quantitativeanalysis', 'five-factor model', 'post hoc analyses', 'social role model', 'factor analysis', 'behavioral and', 'one-way anovas', 'gini index']","None","None","[0.05, 0.05, 0.001, 0.06, 0.001, 0.001, 0.01, 0.001, 0.05, 0.01, 0.05, 0.05, 0.001, 0.22, 0.01, 0.001, 0.05, 0.01, 0.05, 0.02, 3e-05, 0.001, 0.016, 0.024, 0.05]","[0.69, 0.25, 0.73, 0.48, 0.48, 0.29, 0.35, 0.32, 0.33, 0.56, 0.17, 0.41, 0.73, 0.31, 0.44, 0.35, 0.32, 0.74, 0.41, 0.32, 0.32]","None"
"10.1037/0022-3514.94.2.307","[75, 114, 50, 342, 25, 95]","['confirmatory factor analytic approach', 'cross-lagged correlational stability', 'dynamical evolutionary psychology', 'state– trait anxiety inventory', 'principal axis factor analysis', 'state–trait anxiety inventory', 'structural equation modeling', 'cross-lagged stability model', 'epistemic–teleologic model', 'big five factor structure', 'longitudinal analyses', 'manifest-level models', 'cross-lagged analyses', 'cross-lagged model.3', 'partial correlations', 'cross-lagged models', 'path models']","None","None","[0.001, 0.001, 0.001, 0.001, 0.001, 0.001, 0.001, 0.001, 0.001, 0.001, 0.001, 0.001, 0.001, 0.001, 0.001, 0.001, 0.001, 0.001, 0.001, 0.001, 0.001, 0.001, 0.001, 0.001, 0.001, 0.001, 0.001, 0.001, 0.005, 0.001, 0.001, 0.05, 0.01, 0.001, 0.004, 0.001, 0.001, 0.001, 0.05, 0.01, 0.001, 0.007, 0.01, 0.05, 0.001, 0.05, 0.05, 0.1, 0.05, 0.05]","[0.66, 0.62, 0.55, 0.43, 0.34, 0.56, 0.39, 0.54, 0.57, 0.59, 0.26, 0.32, 0.42, 0.11, 0.45, 0.24, 0.21, 0.24, 0.08]","None"
"10.1037/0022-3514.94.1.48","[24, 1000, 71]","['statistical analysis software spectra', 'power spectral density ( psd ) chart', 'connectionist and diffusion models', 'dynamical cognitive science', 'repeated-measures analyses', 'within-subject regression', 'implicit association test', 'repeated-measures analy-', 'fast fourier transform', 'correlational analyses', 'neural network models', 'ancillary analyses', 'fourier analysis', 'markov analyses', 'scatter plot', 'psd analyses', 'regressions']","None","2","[0.002, 0.03, 0.002, 0.34, 0.04, 0.24, 0.02, 0.04, 0.002, 0.88, 0.35, 0.1, 0.05, 0.01, 0.1, 0.03, 0.39, 0.86, 0.0001, 0.03, 0.07, 0.003, 0.3, 0.001, 0.02, 0.66, 0.09, 0.02, 0.7, 0.09, 0.7, 0.1, 0.05, 0.01]","[0.24, 0.38]","None"
"10.1111/j.1467-9280.2008.02085.x","[35, 36, 15]","['multitrait multimethod analysis', 'interitem correlations', 'average correlations', 'average correlation', 'partial correlation', 'five-factor model']","None","None","None","[0.43, 0.19, 0.06, 0.15, 0.41]","None"
"10.1037/0022-3514.95.2.274","[66, 35, 4, 2, 34, 7, 40, 73, 10, 28, 125]","['impression management interpretation', 'reflection and evaluation model', 'one-way analyses of variance', 'overview regression analyses', 'judgment dissociation theory', 'social cognitive approach', 'counterfactual reasoning', 'zero-order correlations', 'counterfactual thinking', 'multivariate statistics', 'zero-order correlation', 'mediational analysis', 'attributional theory', 'multiple regression', 'simple-slopes tests', 'one-tailed t-tests', 'two-process model', 'functional theory', 'regression model']","None","5","[0.01, 0.001, 0.001, 0.06, 0.11, 0.01, 0.01, 0.001, 0.001, 0.16, 0.001, 0.09, 0.01, 0.001, 0.05, 0.09, 0.001, 0.05, 0.01, 0.001, 0.05, 0.001, 0.05, 0.01, 0.001, 0.01, 0.05, 0.15, 0.05, 0.001, 0.21, 0.05, 0.17, 0.05, 0.14, 0.09, 0.01, 0.001, 0.07, 0.1, 0.05, 0.05, 0.05, 0.05, 0.01, 0.05, 0.26, 0.06, 0.05, 0.19, 0.05, 0.01, 0.05, 0.08, 0.01, 0.05, 0.26]","[0.91]","None"
"10.1037/0022-3514.94.3.479","[162, 418, 78, 20, 21, 53]","['applied multiple regression/correlational analysis', 'heterogeneity of regression', 'simultaneous regression', 'interdependence theory', 'analysis of variance', 'simple-effect tests', 'mediation analyses', 'mediation analysis', 'jigsaw classroom', 'simple effects', 'dilemma game', 'game theory', 'model', 'anova']","None","2","[0.01, 0.01, 0.01, 0.01, 0.01, 0.34, 0.05, 0.01, 0.05, 0.23, 0.01, 0.01, 0.05, 0.01, 0.01, 0.01, 0.01, 0.21, 0.01, 0.05, 0.01, 0.01, 0.01, 0.01, 0.05, 0.05, 0.01, 0.01, 0.05, 0.01, 0.01, 0.01, 0.01, 0.01, 0.01, 0.01, 0.01, 0.01, 0.01, 0.01, 0.01, 0.05, 0.01, 0.01, 0.75, 0.01, 0.01, 0.74, 0.01, 0.01, 0.01, 0.05, 0.01, 0.01, 0.01, 0.01, 0.05, 0.05, 0.05, 0.01, 0.01, 0.01, 0.05, 0.01, 0.6, 0.01, 0.05, 0.01, 0.01, 0.05, 0.07, 0.01, 0.05, 0.05, 0.01, 0.05, 0.01, 0.01, 0.01, 0.05, 0.01, 0.05, 0.01, 0.01, 0.01, 0.05, 0.01, 0.01, 0.01, 0.01, 0.01, 0.01, 0.01, 0.01, 0.26, 0.01, 0.01, 0.43, 0.01, 0.01, 0.01, 0.05, 0.01, 0.07, 0.01, 0.05, 0.05, 0.05, 0.05, 0.01]","[0.8, 0.83, 0.22, 0.2]","None"
"10.1037/0022-3514.94.2.334","[45000, 330, 1042, 181, 22, 21, 2200, 511]","['electronically activated recorder', 'hypothetico-deductive method', 'bonferroni-type criterion', 'linguistic inquiry and', 'interrater reliability', 'psychometric analysis', 'abductive theory', 'factor analysis', 'bottom-up']","None","None","[0.1, 0.05, 0.01, 0.001, 0.1, 0.05, 0.01, 0.001, 0.1, 0.1, 0.1, 0.001, 0.1, 0.01, 0.1, 0.1, 0.1, 0.1, 0.05, 0.007, 0.0001, 0.05, 0.01, 0.03, 0.0001, 0.05, 0.01, 0.05, 0.01, 0.05]","[0.29, 0.25, 0.58, 0.44, 0.64, 0.63, 0.02, 0.55, 0.2, 0.41, 0.02]","None"
"10.1111/j.1467-9280.2008.02096.x","[4000, 1600, 35, 70, 13200, 146, 24, 152]","['simultaneous logistic regression', 'neo personality inventory manual', 'one-way analysis of covariance', 'one-way analysis of variance', 'adversarial problem solving', 'multidimensional approach', 'chi-square analysis', 'two-stage model', 'one-way ancova', 'lopes']","None","3","[0.023, 0.91, 0.015, 0.03, 0.01, 0.3, 0.001, 0.014, 0.007, 0.067, 0.22, 0.076, 0.038, 0.01, 0.145, 0.01, 0.02, 0.01, 0.55]","None","None"
"10.1037/0022-3514.95.1.76","[2, 35, 3, 37, 70, 132, 67, 10, 11, 13, 79, 49, 20, 117, 54, 56, 60]","['principal axis factor analysis', 'analysis of variance', 'regression analyses', 'mediation analysis', 'mediation analyses', 'alternative model', 'mediational model', 'one-way anovas', 't tests', 'rawls', 'anova']","None","4","[0.002, 0.03, 0.02, 0.02, 0.05, 0.06, 0.18, 0.03, 0.02, 0.001, 0.11, 0.38, 0.05, 0.04, 0.1, 0.21, 0.01, 0.25, 0.004, 0.05, 0.07, 0.03, 0.55, 0.03, 0.08, 0.02, 0.02, 0.001, 0.04, 0.001, 0.001, 0.001, 0.001, 0.001, 0.14, 0.05, 0.05, 0.01, 0.1, 0.001, 0.001, 0.04, 0.004, 0.22, 0.05, 0.001, 0.01, 0.08, 0.06, 0.005, 0.003, 0.11, 0.16, 0.001, 0.001, 0.2, 0.005, 0.007, 0.05, 0.03, 0.05, 0.01, 0.1]","[0.18, 0.12, 0.36, 0.17, 0.4, 0.41, 0.65, 0.59, 0.45, 0.415, 0.04, 0.39, 0.47]","None"
"10.1111/j.1467-9280.2008.02036.x","[3658, 17198, 7070, 3412, 8091, 11261, 11070]","['principal components analysis', 'structural equation modeling', 'structural equation model', 'lagrange multiplier tests', 'lagrange multiplier test', 'pearson correlations', 'chi square', 'wald test', 'wald and']","None","None","[0.001, 0.001]","None","None"
"10.1037/0022-3514.94.3.396","[96, 32, 36, 41, 9, 46, 15, 16, 18, 116, 404, 90, 123, 92, 30, 95]","['semantic differential technique', 'one-way analysis of variance', 'multiple regression anal-', 'gradual threshold model', 'repeated-measures anova', 'paired-samples t tests', 'logistic regression', 'action-based model', 'dissonance theory', 'mind-set theory']","None","5","[0.05, 0.31, 0.05, 0.05, 0.05, 0.001, 0.16, 0.05, 0.05, 0.05, 0.05, 0.001, 0.05, 0.05, 0.05, 0.06, 0.07, 0.09, 0.05, 0.05, 0.05, 0.05, 0.12, 0.01, 0.01, 0.08, 0.001, 0.001, 0.001, 0.05, 0.2, 0.06, 0.05, 0.05, 0.05, 0.1, 0.05, 0.01, 0.05, 0.01, 0.001, 0.01, 0.2, 0.15, 0.001]","[0.89, 0.93, 0.54, 0.22, 0.08, 0.01, 0.69]","None"
"10.1111/j.1467-9280.2008.02060.x","[97, 7, 10, 12, 208, 55, 26, 475, 220]","['statistical power analysis', 'analysis of variance', 'one-sample t tests', 'repeated measures', 'anovas', 'anova']","None","None","[0.0001, 0.002, 0.008, 0.001, 0.8, 0.001, 0.03, 0.02, 0.008, 0.0001, 0.02, 0.09]","[0.02, 0.32, 0.17]","None"
"10.1037/0022-3514.94.4.647","[96, 33, 32, 5, 37, 39, 72, 11, 108, 15, 18, 116, 53, 86, 55, 120, 153, 60]","['applied multiple regression/correlation analysis', 'ordinary least squares regression analyses', 'longitudinal projection-promotion model', 'intrapersonal intraclass correlations', 'cross-classified multilevel models', 'projection-of-responsiveness model', 'standardized path coefficients', 'variance-partitioning analyses', 'variance-decomposition models', 'social relations analysis', 'interdependence analysis', 'ols regression analyses', 'intercept-only ) models', 'zero-order correlations', 'bivariate interpersonal', 'social relations model', 'correlational analysis', 'unconditional model', 'multilevel analyses', 'multilevel approach', 'fixed-effect model', 'mediation analyses', 'correlation matrix', 'proc mixed and hlm', 'attachment theory', 'partial mediation', 'indirect effects', 'one-tailed test', 'sas proc mixed', 'fixed effects', 'path analysis', 'path analyses', 'sobel tests', 't tests']","5","7","[0.1, 0.05, 0.001, 0.05, 0.26, 0.05, 0.001, 0.01, 0.068, 0.05, 0.001, 0.001, 0.05, 0.05, 0.001, 0.07, 0.05, 0.05, 0.1, 0.05, 0.1, 0.1, 0.05, 0.01, 0.001, 0.001, 0.001, 0.05, 0.1, 0.05, 0.01, 0.001, 0.01, 0.01, 0.05, 0.05, 0.001, 0.001, 0.05, 0.13, 0.05, 0.001, 0.1, 0.05, 0.001, 0.08, 0.08, 0.09, 0.001, 0.001, 0.09, 0.1, 0.05, 0.01, 0.001, 0.05, 0.05, 0.1, 0.05, 0.01, 0.001, 0.1, 0.05, 0.001, 0.001, 0.001, 0.1, 0.05, 0.01, 0.001, 0.001, 0.01, 0.001, 0.001, 0.001, 0.001, 0.001, 0.001, 0.05, 0.01, 0.001, 0.05, 0.001, 0.01, 0.001, 0.001, 0.05, 0.11, 0.12, 0.05, 0.01, 0.001]","[0.21, 0.37, 0.3, 0.43, 0.56, 0.84, 0.83, 0.82]","None"
"10.1111/j.1467-9280.2008.02083.x","[42, 20, 15]","['elaboration likelihood model', 'one-way analysis of variance', 'interpersonal theory', 'dual process model', 'continuum model', 'one-way anova', 'anovas']","None","None","[0.01, 0.05, 0.05, 0.01, 0.001, 0.08, 0.04, 0.03, 0.02]","None","None"
"10.1037/0278-7393.34.1.219","[100, 7, 40, 13, 80, 20]","['multiple-trace memory model', 'mean and variance models', 'distributionmodeling', 'analysis of variance', 'variance model', 'primacy model', 'feature model', 'anova']","None","2","[0.05, 0.05]","None","None"
"10.1111/j.1467-9280.2008.02097.x","[90, 60]","['kruskal-wallis nonparametric tests', 'analyses of variance']","None","2","None","None","None"
"10.1037/0022-3514.94.4.579","[128, 2, 3, 132, 4, 5, 120, 20, 88, 124]","['reflection and evaluation model', 'interpretation comparison model', 'selective activation model', 'simple comparison analyses', 'distributed memory model', 'three-way interaction', 'analysis of variance', 'regression analysis', 'regression analyses', 'mediation analyses', 'mediation analysis', 'one-way anovas', 'sobel tests', 'anova']","None","5","[0.017, 0.0001, 0.0001, 0.01, 0.0001, 0.001, 0.0001, 0.0001, 0.05, 0.02, 0.0001, 0.005, 0.12, 0.07, 0.0001, 0.05, 0.06, 0.01, 0.07, 0.003, 0.0001, 0.013, 0.02, 0.12, 0.0001, 0.0001, 0.02, 0.0001, 0.002, 0.01, 0.06, 0.0001, 0.0001, 0.0001, 0.0001, 0.0001, 0.04, 0.002, 0.001, 0.11, 0.01, 0.001, 0.001, 0.04, 0.06, 0.01, 0.9, 0.06, 0.05, 0.09, 0.001, 0.0001, 0.02, 0.04, 0.01, 0.01, 0.03, 0.01, 0.01, 0.0001, 0.05, 0.01, 0.0001, 0.0001, 0.0001, 0.0001, 0.001, 0.05, 0.01, 0.01, 0.17, 0.03]","[0.63, 0.84, 0.74]","None"
"10.1037/0278-7393.34.1.230","[240, 48]","['repeated measures anova', 'analysis of variance', 'interference theory', 'mixed design anova', 'statistical theory', 't tests']","None","None","[0.001, 0.05, 0.01, 0.05, 0.05, 0.01, 0.001, 0.06, 0.05, 0.001, 0.001, 0.01, 0.07, 0.05, 0.001, 0.05, 0.01, 0.14]","None","None"
"10.1037/0022-3514.94.3.382","[33, 34, 35, 73, 14, 15, 48, 49, 18, 50, 85, 55, 23, 25, 30, 31]","['confirmatory information processing', 'biased hypothesis-testing model', 'one-way analysis of variance', 'analysis of covariance', 'mediational analyses', 'one-factorial design', 'mediational analysis', 'one-way anova', 'ancova']","None","4","[0.001, 0.001, 0.01, 0.001, 0.002, 0.001, 0.04, 0.001, 0.001, 0.001, 0.05, 0.02, 0.001, 0.04, 0.001, 0.02, 0.01, 0.01, 0.01, 0.09, 0.001, 0.01, 0.001, 0.01, 0.02, 0.02, 0.01, 0.001, 0.34, 0.001, 0.001, 0.001, 0.01, 0.01, 0.01, 0.001, 0.001, 0.001, 0.11, 0.02, 0.001]","[0.6, 0.89, 0.76, 0.42, 0.71, 0.85, 0.82, 0.53, 0.82]","[0.38]"
"10.1037/0022-3514.94.1.32","[32, 35, 3, 7, 41, 18, 20, 21, 23, 24, 25, 60, 30]","['repeated measures analysis of variance', 'repeated measures anovas', 'repeated measures ancova', 'repeated measures anova', 'biopsychosocial model', 'simple effect tests', 'simple effects test', 'metaanalysis', 'mixed model', 'hpa ) axis']","None","3","[0.001, 0.01, 0.02, 0.06, 0.14, 0.046, 0.16, 0.19, 0.17, 0.001, 0.001, 0.45, 0.001, 0.01, 0.01, 0.01, 0.71, 0.23, 0.001, 0.88, 0.001, 0.66, 0.05, 0.06, 0.09, 0.32, 0.19, 0.17, 0.64, 0.04, 0.43, 0.93, 0.14, 0.75, 0.04, 0.04, 0.01, 0.55, 0.03]","None","None"
"10.1037/0022-3514.94.6.1062","[128, 32, 102, 11, 15, 112, 372, 24, 126, 30]","['pearson correlation coefficients', 'principal-components analysis', 'big five ” factor taxonomy', 'social relations analysis', 'one-way factorial anova', 'componential analysis', 'componential model', 'correlations', 'analyses']","None","4","[0.01, 0.01, 0.05, 0.05, 0.05, 0.01, 0.01, 0.05, 0.05, 0.001, 0.01, 0.01]","[0.9, 0.9, 0.88, 0.61, 0.63, 0.32, 0.18, 0.61, 0.65, 0.71, 0.47, 0.26, 0.99, 0.51, 0.46, 0.91]","None"
"10.1037/0278-7393.34.3.514","[34, 420, 16, 2000, 432, 95]","['response threshold model', 'contingency hypothesis', 'analysis of variance', 'one-way anova', 'reanalysis 2', 'reanalysis 1']","None","3","[0.033, 0.001, 0.755, 0.036, 0.859, 0.001, 0.001, 0.882, 0.042, 0.035, 0.025, 0.003, 0.696, 0.023, 0.087, 0.353, 0.001, 0.005, 0.028, 0.006, 0.003, 0.91]","None","None"
"10.1037/0022-3514.94.1.108","[384, 67, 2180, 4, 36, 48]","['neurocognitive model', 'exemplar-based model', 'analysis of variance', 'dual process model', 'dualprocess models', 'resonance imaging', 'analyses']","None","3","[0.014, 0.045, 0.13, 0.0413, 0.0016, 0.22, 0.09, 0.04, 0.001, 0.001, 0.16]","None","None"
"10.1111/j.1467-9280.2008.02063.x","[50, 28, 14]","['repeated measures analysis of variance', 'statistical parametric mapping', 'general linear model approach', 'statistical parametric maps', 'spoiled gradient recovery', 'implicit association test', 'randomeffects analysis', 'three-way interactions', 'analysis of covariance', 'co-planar stereotaxic', 'mixed-model anovas', 'event-related fmri', 'mixed-model anova', 'roi ) analyses', 'anova—ba']","None","2","[0.001, 0.001, 0.005, 0.28, 0.02, 0.02, 0.28, 0.01, 0.1, 0.001, 0.02, 0.001, 0.001, 0.001, 0.001]","None","None"
"10.1111/j.1467-9280.2008.02042.x","[192, 40, 204, 16, 20]","['mixed analysis of variance', 'connectionist model', 'two-process model', 'mixed anova']","None","None","None","None","None"
"10.1037/0278-7393.34.1.97","[100, 70, 2000, 10000, 50, 24, 120]","['single-system connectionist account', 'repeated measures analysis of vari-', 'unidimensional strength theory', 'multiple-trace memory model', 'simple recurrent network', 'distributed memory model', 'response latency models', 'recurrent network model', 'connectionist model', 'dual-process theory', 'pearson correlation', 'single-system model', 'retrieval model', 'bayesian model', 't tests']","None","3","[0.001, 0.001, 0.24, 0.001, 0.001, 0.002, 0.05, 0.05]","[0.25, 0.07, 0.25, 0.1, 0.07]","None"
"10.1037/0022-3514.94.3.429","[131, 4, 6, 7, 8, 11, 12, 15, 143, 31, 32, 44, 81, 89, 91, 92, 94, 98, 106, 110, 240, 116, 117, 127]","['hierarchical regression analyses', 'item response theory analysis', 'hierarchical regressions', 'statistical principles', 'partial correlations', 'regression analysis', 'multiple regression', 'attachment theory', 'factor analyses', 'correlational']","None","8","[0.05, 0.05, 0.001, 0.05, 0.05, 0.001, 0.001, 0.05, 0.01, 0.01, 0.01, 0.1, 0.05, 0.01, 0.01, 0.01, 0.01, 0.1, 0.05, 0.01, 0.06, 0.1, 0.01, 0.01, 0.01, 0.05, 0.01, 0.01, 0.09, 0.05, 0.05, 0.09, 0.06, 0.1, 0.05, 0.01, 0.1, 0.05, 0.01, 0.01, 0.01, 0.05, 0.05, 0.05, 0.13, 0.11, 0.14, 0.13, 0.05, 0.05, 0.01, 0.01, 0.01, 0.01, 0.01, 0.01, 0.1, 0.05, 0.01, 0.06, 0.07, 0.05, 0.06, 0.16, 0.05, 0.01, 0.13, 0.05, 0.05, 0.05, 0.01, 0.1, 0.01, 0.01, 0.05, 0.1, 0.1, 0.05, 0.01, 0.01, 0.05]","[0.07]","None"
"10.1111/j.1467-9280.2008.02052.x","[64, 10, 48, 20, 30]","['mixed-model analysis of variance']","None","None","[0.05]","[0.19]","None"
"10.1111/j.1467-9280.2008.02081.x","[2, 3, 68, 15, 17, 22, 55, 120, 24]","['analysis of variance', 'anova']","None","3","[0.01, 0.01, 0.28, 0.01, 0.01, 0.68, 0.01, 0.01, 0.05, 0.69]","None","None"
"10.1037/0022-3514.94.3.495","[160, 65, 128, 38, 136, 8, 45, 110, 83, 148, 502, 23, 56, 25, 186, 59, 87, 63]","['maximum likelihood factor analysis', 'principal-components analysis', 'structural equations models', 'multiple mediation analyses', 'multiple mediation analy-', 'multiple mediation model', 'hierarchical regressions', 'bootstrapping techniques', 'hierarchical regression', 'simple mediation models', 'mediation explanations', 'interrater reliability', 'analysis of variance', 'regression analyses', 'bootstrapping tests', 'partial correlation', 'mediator models', 'asymptotic and', 'path analysis', 'correlational', 'pyramid model', 'path diagram', 'sobel test', 'spss']","3","7","[0.01, 0.01, 0.01, 0.01, 0.01, 0.05, 0.1, 0.05, 0.01, 0.01, 0.01, 0.01, 0.01, 0.01, 0.01, 0.01, 0.01, 0.1, 0.05, 0.01, 0.05, 0.01, 0.01, 0.1, 0.01, 0.05, 0.05, 0.01, 0.01, 0.01, 0.01, 0.05, 0.01, 0.05, 0.05, 0.01, 0.05, 0.01, 0.01, 0.01, 0.01, 0.01, 0.01, 0.1, 0.05, 0.01, 0.45, 0.07, 0.04, 0.01, 0.07, 0.05, 0.05, 0.1, 0.45, 0.1, 0.1, 0.22, 0.05, 0.05, 0.01, 0.05, 0.05, 0.05, 0.01, 0.01, 0.01, 0.01, 0.01, 0.22, 0.1, 0.01, 0.05, 0.01, 0.01, 0.01]","[0.23, 0.22, 0.1, 0.07, 0.39, 0.39, 0.47, 0.43, 0.07, 0.42, 0.17, 0.27, 0.21, 0.11, 0.08, 0.27, 0.01, 0.66, 0.2, 0.41, 0.36, 0.44]","[0.12, 0.14]"
"10.1111/j.1467-9280.2008.02055.x","[88]","['two-way random-effects social relations model', 'linear correlations and multiple regression', 'gene-environment correlations', 'pearson correlation']","None","None","[0.001, 0.05, 0.05, 0.05, 0.05, 0.05]","[0.82]","None"
"10.1037/0022-3514.94.4.615","[4, 40, 42, 77, 81, 51, 20, 22, 90, 60, 61, 62]","['two-way analysis of variance', 'structural equations models', 'dynamic interactive model', 'social learning theory', 'asymptotic intervals', 'mediational analysis', 'regression analyses', 'regression anal-', 'anova']","None","3","[0.001, 0.003, 0.05, 0.001, 0.001, 0.01, 0.001, 0.001, 0.004, 0.02, 0.058, 0.02, 0.001, 0.02, 0.001, 0.03, 0.04, 0.01, 0.02, 0.002, 0.03, 0.001, 0.004, 0.02, 0.02, 0.003, 0.001, 0.001, 0.02, 0.01, 0.03, 0.001, 0.001, 0.001, 0.006, 0.001, 0.001, 0.001, 0.001, 0.001, 0.001, 0.003, 0.004, 0.001, 0.01, 0.03]","None","None"
"10.1037/0022-3514.94.4.718","[32, 1248, 130, 102, 38, 40, 178761, 42, 44, 13, 112, 230047]","['hierarchical personality inventory', 'multitrait–multimethod analyses', 'correlational and glm analyses', 'factorial analysis of variance', 'principal components analyses', 'principal component structure', 'big five ” factor taxonomy', 'principal components anal-', 'big-five factor structure', 'big five trait taxonomy', 'interscale correlations', 'interitem correlations', 'exploratory analyses', 'six-factor structure', 'itemmetric analysis', 'varimax-rotated pca', 'component analysis', 'five-factor model', 'factor analysis', 'factor analyses', 'scree plots', 'scree plot', 'pcas']","None","None","[0.05, 0.05, 0.05, 0.001, 0.001, 0.001, 0.001, 0.001, 0.001, 0.05, 0.05, 0.001, 0.001, 0.001, 0.001]","[0.48, 0.82, 0.39, 0.24, 0.14, 0.0, 0.92, 0.95, 0.9]","None"
